,CustomerID,Segment
0,12346.0,Risk
1,12347.0,High Value
2,12348.0,Nurture
3,12349.0,High Value
4,12350.0,Risk
5,12352.0,Risk
6,12353.0,Risk
7,12354.0,Risk
8,12355.0,Risk
9,12358.0,Nurture
10,12360.0,Nurture
11,12361.0,Risk
12,12362.0,High Value
13,12363.0,Risk
14,12364.0,High Value
15,12365.0,Risk
16,12367.0,High Value
17,12370.0,Nurture
18,12371.0,Nurture
19,12372.0,Nurture
20,12373.0,Risk
21,12374.0,High Value
22,12375.0,Risk
23,12379.0,Nurture
24,12380.0,High Value
25,12381.0,High Value
26,12383.0,Risk
27,12384.0,Risk
28,12386.0,Risk
29,12388.0,Nurture
30,12390.0,Nurture
31,12391.0,High Value
32,12393.0,Nurture
33,12394.0,Nurture
34,12395.0,Risk
35,12397.0,Nurture
36,12398.0,Nurture
37,12399.0,Risk
38,12401.0,Risk
39,12402.0,Risk
40,12403.0,Nurture
41,12405.0,Risk
42,12407.0,Nurture
43,12408.0,Nurture
44,12410.0,Risk
45,12412.0,Nurture
46,12413.0,Risk
47,12414.0,Risk
48,12417.0,High Value
49,12418.0,Risk
50,12420.0,Nurture
51,12421.0,Risk
52,12422.0,Risk
53,12423.0,Risk
54,12424.0,Risk
55,12425.0,Nurture
56,12426.0,Risk
57,12427.0,Risk
58,12429.0,Nurture
59,12430.0,Other
60,12431.0,Nurture
61,12434.0,Nurture
62,12436.0,Risk
63,12437.0,High Value
64,12441.0,Risk
65,12442.0,High Value
66,12444.0,High Value
67,12445.0,High Value
68,12446.0,Nurture
69,12447.0,Risk
70,12448.0,Nurture
71,12449.0,High Value
72,12450.0,Risk
73,12452.0,High Value
74,12453.0,Risk
75,12454.0,Other
76,12455.0,Nurture
77,12456.0,Nurture
78,12457.0,Risk
79,12458.0,Nurture
80,12461.0,Risk
81,12462.0,Risk
82,12463.0,Nurture
83,12464.0,Risk
84,12465.0,Risk
85,12468.0,Risk
86,12473.0,Nurture
87,12475.0,Nurture
88,12478.0,High Value
89,12479.0,High Value
90,12480.0,Nurture
91,12481.0,High Value
92,12483.0,Risk
93,12484.0,Nurture
94,12488.0,High Value
95,12489.0,Risk
96,12490.0,High Value
97,12491.0,Nurture
98,12492.0,Risk
99,12493.0,Risk
100,12494.0,Risk
101,12497.0,Nurture
102,12498.0,High Value
103,12500.0,Nurture
104,12502.0,Risk
105,12504.0,High Value
106,12506.0,Risk
107,12507.0,Risk
108,12508.0,Other
109,12509.0,Risk
110,12510.0,Risk
111,12512.0,Other
112,12513.0,Nurture
113,12514.0,Risk
114,12515.0,Risk
115,12516.0,Nurture
116,12517.0,Nurture
117,12518.0,High Value
118,12519.0,Other
119,12520.0,Nurture
120,12521.0,Risk
121,12522.0,Other
122,12523.0,Risk
123,12524.0,Nurture
124,12526.0,High Value
125,12527.0,Risk
126,12528.0,Risk
127,12530.0,Nurture
128,12531.0,High Value
129,12532.0,Nurture
130,12534.0,Risk
131,12535.0,Nurture
132,12538.0,Nurture
133,12541.0,Nurture
134,12544.0,Other
135,12545.0,Nurture
136,12546.0,Nurture
137,12547.0,Risk
138,12548.0,Risk
139,12550.0,Nurture
140,12551.0,Risk
141,12552.0,Nurture
142,12553.0,High Value
143,12556.0,Nurture
144,12558.0,High Value
145,12559.0,Risk
146,12560.0,High Value
147,12561.0,Risk
148,12562.0,High Value
149,12564.0,Risk
150,12565.0,Risk
151,12566.0,Other
152,12569.0,High Value
153,12571.0,Nurture
154,12572.0,High Value
155,12573.0,Risk
156,12574.0,Risk
157,12576.0,Nurture
158,12577.0,Other
159,12578.0,Nurture
160,12579.0,Nurture
161,12580.0,Risk
162,12581.0,Other
163,12582.0,Risk
164,12583.0,High Value
165,12584.0,High Value
166,12585.0,Risk
167,12586.0,Risk
168,12587.0,High Value
169,12588.0,Other
170,12589.0,Nurture
171,12591.0,Risk
172,12592.0,Risk
173,12593.0,Risk
174,12594.0,Nurture
175,12596.0,Nurture
176,12597.0,High Value
177,12598.0,High Value
178,12599.0,Risk
179,12600.0,Nurture
180,12601.0,Risk
181,12602.0,Other
182,12604.0,Risk
183,12605.0,Risk
184,12607.0,Other
185,12609.0,Nurture
186,12610.0,High Value
187,12611.0,Nurture
188,12612.0,Nurture
189,12613.0,Nurture
190,12614.0,Risk
191,12615.0,High Value
192,12616.0,Risk
193,12617.0,Nurture
194,12618.0,High Value
195,12619.0,Risk
196,12620.0,High Value
197,12622.0,Risk
198,12623.0,Risk
199,12624.0,Risk
200,12625.0,Risk
201,12627.0,High Value
202,12628.0,High Value
203,12630.0,High Value
204,12631.0,Nurture
205,12633.0,Nurture
206,12635.0,Nurture
207,12637.0,Nurture
208,12638.0,Nurture
209,12639.0,Risk
210,12640.0,High Value
211,12641.0,Risk
212,12642.0,High Value
213,12643.0,Risk
214,12644.0,Risk
215,12645.0,Nurture
216,12646.0,High Value
217,12647.0,Risk
218,12648.0,Risk
219,12649.0,Risk
220,12650.0,High Value
221,12651.0,Risk
222,12652.0,Risk
223,12653.0,Risk
224,12654.0,Risk
225,12656.0,High Value
226,12657.0,High Value
227,12658.0,High Value
228,12659.0,Other
229,12660.0,High Value
230,12662.0,High Value
231,12664.0,Nurture
232,12665.0,Risk
233,12666.0,Risk
234,12667.0,Nurture
235,12668.0,High Value
236,12669.0,Risk
237,12670.0,Nurture
238,12672.0,Risk
239,12673.0,Risk
240,12674.0,High Value
241,12676.0,Risk
242,12679.0,Risk
243,12680.0,Risk
244,12684.0,High Value
245,12685.0,Nurture
246,12686.0,Risk
247,12689.0,High Value
248,12690.0,Risk
249,12691.0,Nurture
250,12693.0,Risk
251,12694.0,Nurture
252,12695.0,Risk
253,12697.0,Risk
254,12701.0,Nurture
255,12702.0,High Value
256,12703.0,Other
257,12704.0,High Value
258,12707.0,Risk
259,12710.0,Risk
260,12712.0,Risk
261,12713.0,High Value
262,12715.0,Risk
263,12716.0,High Value
264,12717.0,Risk
265,12718.0,Other
266,12719.0,High Value
267,12721.0,Nurture
268,12722.0,Other
269,12723.0,High Value
270,12724.0,Risk
271,12725.0,Risk
272,12726.0,Nurture
273,12727.0,Nurture
274,12728.0,Nurture
275,12729.0,Risk
276,12732.0,Risk
277,12733.0,Risk
278,12734.0,Risk
279,12735.0,Risk
280,12736.0,Risk
281,12738.0,Risk
282,12739.0,Risk
283,12740.0,Nurture
284,12743.0,Risk
285,12747.0,Nurture
286,12749.0,High Value
287,12750.0,Risk
288,12756.0,Other
289,12757.0,High Value
290,12759.0,Nurture
291,12763.0,Risk
292,12766.0,High Value
293,12769.0,Risk
294,12770.0,Risk
295,12772.0,Nurture
296,12775.0,Risk
297,12778.0,Risk
298,12779.0,High Value
299,12781.0,Risk
300,12782.0,Nurture
301,12783.0,High Value
302,12784.0,High Value
303,12785.0,Risk
304,12787.0,Risk
305,12789.0,Other
306,12790.0,Risk
307,12792.0,Risk
308,12793.0,Risk
309,12794.0,Nurture
310,12795.0,High Value
311,12797.0,Risk
312,12802.0,Risk
313,12808.0,Risk
314,12809.0,Risk
315,12811.0,Risk
316,12812.0,Other
317,12815.0,Risk
318,12816.0,Risk
319,12817.0,Risk
320,12820.0,Risk
321,12821.0,Risk
322,12822.0,Nurture
323,12823.0,Nurture
324,12824.0,Nurture
325,12826.0,Risk
326,12827.0,High Value
327,12828.0,High Value
328,12829.0,Risk
329,12831.0,Risk
330,12832.0,Nurture
331,12833.0,Risk
332,12834.0,Risk
333,12836.0,Nurture
334,12837.0,Risk
335,12838.0,Nurture
336,12839.0,High Value
337,12840.0,Risk
338,12841.0,High Value
339,12842.0,Nurture
340,12843.0,Nurture
341,12844.0,Other
342,12845.0,Risk
343,12847.0,High Value
344,12849.0,Nurture
345,12851.0,Risk
346,12852.0,Risk
347,12853.0,Risk
348,12854.0,Nurture
349,12855.0,Risk
350,12856.0,High Value
351,12857.0,Risk
352,12863.0,Nurture
353,12864.0,Risk
354,12865.0,Nurture
355,12866.0,Risk
356,12867.0,Nurture
357,12868.0,Risk
358,12870.0,Risk
359,12871.0,Nurture
360,12872.0,Risk
361,12873.0,Risk
362,12875.0,Risk
363,12876.0,Nurture
364,12877.0,High Value
365,12878.0,Risk
366,12879.0,Risk
367,12881.0,Risk
368,12882.0,High Value
369,12883.0,High Value
370,12884.0,Other
371,12885.0,Nurture
372,12886.0,Nurture
373,12888.0,Risk
374,12890.0,High Value
375,12891.0,Risk
376,12893.0,Other
377,12895.0,Other
378,12897.0,Risk
379,12902.0,Risk
380,12904.0,High Value
381,12906.0,High Value
382,12908.0,Risk
383,12909.0,Nurture
384,12910.0,Nurture
385,12912.0,High Value
386,12913.0,Nurture
387,12915.0,Risk
388,12916.0,Risk
389,12917.0,Risk
390,12919.0,Risk
391,12920.0,High Value
392,12922.0,Risk
393,12923.0,Other
394,12924.0,Nurture
395,12925.0,High Value
396,12928.0,Nurture
397,12929.0,Risk
398,12930.0,Risk
399,12933.0,Risk
400,12935.0,Risk
401,12936.0,High Value
402,12937.0,High Value
403,12938.0,High Value
404,12940.0,Nurture
405,12942.0,Risk
406,12944.0,Nurture
407,12945.0,Risk
408,12947.0,Risk
409,12948.0,High Value
410,12949.0,Nurture
411,12950.0,High Value
412,12951.0,Risk
413,12952.0,High Value
414,12953.0,High Value
415,12955.0,High Value
416,12956.0,Risk
417,12957.0,High Value
418,12962.0,Risk
419,12963.0,Risk
420,12965.0,Nurture
421,12966.0,High Value
422,12967.0,Risk
423,12968.0,Risk
424,12970.0,Risk
425,12974.0,Risk
426,12976.0,Risk
427,12977.0,Risk
428,12980.0,Risk
429,12981.0,Nurture
430,12982.0,Risk
431,12984.0,High Value
432,12985.0,High Value
433,12987.0,Nurture
434,12988.0,Risk
435,12989.0,Nurture
436,12990.0,Risk
437,12991.0,Risk
438,12993.0,Risk
439,12994.0,Risk
440,12995.0,Other
441,12997.0,Risk
442,12999.0,Risk
443,13000.0,Risk
444,13001.0,High Value
445,13002.0,Risk
446,13003.0,Risk
447,13004.0,High Value
448,13005.0,Risk
449,13006.0,Other
450,13008.0,Risk
451,13011.0,Risk
452,13012.0,Risk
453,13013.0,High Value
454,13014.0,High Value
455,13015.0,Nurture
456,13016.0,Nurture
457,13018.0,High Value
458,13021.0,Risk
459,13023.0,Nurture
460,13026.0,Risk
461,13028.0,High Value
462,13029.0,Nurture
463,13030.0,Nurture
464,13032.0,Nurture
465,13033.0,Risk
466,13034.0,Nurture
467,13035.0,Nurture
468,13037.0,Risk
469,13038.0,Nurture
470,13040.0,High Value
471,13043.0,Risk
472,13044.0,Risk
473,13045.0,Risk
474,13046.0,Nurture
475,13047.0,Nurture
476,13048.0,High Value
477,13049.0,Nurture
478,13052.0,Risk
479,13055.0,Nurture
480,13058.0,Risk
481,13059.0,Risk
482,13060.0,Risk
483,13061.0,Other
484,13062.0,Risk
485,13064.0,Risk
486,13065.0,Risk
487,13066.0,High Value
488,13067.0,Other
489,13068.0,Risk
490,13069.0,High Value
491,13070.0,Risk
492,13072.0,Risk
493,13075.0,Risk
494,13077.0,Risk
495,13079.0,Risk
496,13080.0,Risk
497,13082.0,Risk
498,13083.0,Risk
499,13085.0,Risk
500,13090.0,High Value
501,13091.0,High Value
502,13092.0,Risk
503,13094.0,Risk
504,13095.0,Other
505,13097.0,Nurture
506,13101.0,Risk
507,13102.0,High Value
508,13103.0,Other
509,13104.0,Risk
510,13106.0,Risk
511,13107.0,Nurture
512,13108.0,Risk
513,13109.0,Risk
514,13110.0,Nurture
515,13116.0,Risk
516,13117.0,Risk
517,13118.0,Risk
518,13121.0,Risk
519,13122.0,Risk
520,13124.0,Nurture
521,13126.0,Risk
522,13127.0,Other
523,13130.0,Risk
524,13131.0,Risk
525,13132.0,Risk
526,13133.0,Risk
527,13134.0,Nurture
528,13136.0,Nurture
529,13137.0,High Value
530,13138.0,Risk
531,13139.0,High Value
532,13140.0,Risk
533,13141.0,Nurture
534,13142.0,High Value
535,13144.0,Risk
536,13145.0,Risk
537,13146.0,Other
538,13147.0,Risk
539,13148.0,Nurture
540,13149.0,Nurture
541,13151.0,Risk
542,13153.0,High Value
543,13155.0,Nurture
544,13157.0,Nurture
545,13158.0,Risk
546,13159.0,High Value
547,13160.0,High Value
548,13161.0,Risk
549,13162.0,Risk
550,13165.0,Nurture
551,13166.0,Risk
552,13167.0,High Value
553,13168.0,Nurture
554,13169.0,Nurture
555,13170.0,Other
556,13171.0,Risk
557,13173.0,Risk
558,13174.0,High Value
559,13176.0,Nurture
560,13177.0,Other
561,13178.0,Nurture
562,13182.0,Other
563,13183.0,Nurture
564,13184.0,High Value
565,13186.0,Nurture
566,13187.0,Risk
567,13189.0,Risk
568,13192.0,Risk
569,13193.0,Other
570,13194.0,Risk
571,13196.0,High Value
572,13198.0,High Value
573,13199.0,Risk
574,13200.0,Risk
575,13203.0,Risk
576,13207.0,Risk
577,13208.0,Nurture
578,13209.0,Nurture
579,13210.0,Risk
580,13211.0,Nurture
581,13212.0,High Value
582,13213.0,Nurture
583,13216.0,Risk
584,13217.0,Risk
585,13218.0,Risk
586,13220.0,Nurture
587,13221.0,Risk
588,13223.0,Risk
589,13224.0,Nurture
590,13225.0,Nurture
591,13226.0,Risk
592,13227.0,Risk
593,13228.0,Nurture
594,13229.0,Risk
595,13230.0,High Value
596,13232.0,High Value
597,13233.0,Nurture
598,13235.0,Risk
599,13236.0,High Value
600,13238.0,Risk
601,13239.0,Risk
602,13240.0,Risk
603,13242.0,Risk
604,13243.0,Risk
605,13244.0,Risk
606,13245.0,Nurture
607,13246.0,High Value
608,13247.0,Risk
609,13248.0,Risk
610,13249.0,Risk
611,13253.0,Risk
612,13255.0,Risk
613,13258.0,Risk
614,13259.0,Other
615,13260.0,Nurture
616,13261.0,Risk
617,13262.0,Risk
618,13265.0,Nurture
619,13266.0,High Value
620,13268.0,High Value
621,13269.0,High Value
622,13271.0,Other
623,13272.0,Risk
624,13273.0,Risk
625,13276.0,Nurture
626,13277.0,Risk
627,13278.0,Nurture
628,13279.0,Other
629,13280.0,Risk
630,13282.0,Risk
631,13283.0,Risk
632,13284.0,Risk
633,13285.0,High Value
634,13291.0,Risk
635,13292.0,Nurture
636,13294.0,Risk
637,13295.0,Risk
638,13296.0,Risk
639,13297.0,High Value
640,13298.0,High Value
641,13299.0,Risk
642,13300.0,Risk
643,13301.0,Risk
644,13304.0,Risk
645,13305.0,Risk
646,13308.0,Nurture
647,13309.0,Risk
648,13310.0,Risk
649,13311.0,Risk
650,13313.0,Risk
651,13314.0,High Value
652,13316.0,Nurture
653,13317.0,Nurture
654,13318.0,High Value
655,13320.0,Nurture
656,13321.0,Nurture
657,13322.0,High Value
658,13323.0,Risk
659,13324.0,Nurture
660,13325.0,Nurture
661,13327.0,Nurture
662,13328.0,Risk
663,13329.0,Nurture
664,13330.0,Risk
665,13332.0,High Value
666,13334.0,Nurture
667,13336.0,Nurture
668,13338.0,Risk
669,13339.0,Risk
670,13341.0,Risk
671,13343.0,Risk
672,13344.0,Nurture
673,13345.0,Risk
674,13347.0,Other
675,13348.0,Other
676,13349.0,High Value
677,13350.0,High Value
678,13351.0,Nurture
679,13352.0,High Value
680,13354.0,Nurture
681,13355.0,Risk
682,13356.0,Nurture
683,13357.0,Risk
684,13358.0,Risk
685,13359.0,Nurture
686,13362.0,High Value
687,13363.0,High Value
688,13364.0,Other
689,13365.0,High Value
690,13368.0,Risk
691,13369.0,Risk
692,13370.0,Risk
693,13372.0,Nurture
694,13373.0,Nurture
695,13375.0,Nurture
696,13376.0,Risk
697,13379.0,Nurture
698,13381.0,High Value
699,13382.0,Risk
700,13384.0,Nurture
701,13385.0,Risk
702,13388.0,Risk
703,13389.0,Risk
704,13390.0,Nurture
705,13394.0,High Value
706,13395.0,Risk
707,13396.0,Nurture
708,13397.0,Nurture
709,13398.0,Risk
710,13402.0,Risk
711,13403.0,High Value
712,13404.0,Risk
713,13405.0,Risk
714,13410.0,Risk
715,13411.0,Risk
716,13414.0,Risk
717,13416.0,Nurture
718,13417.0,Nurture
719,13418.0,High Value
720,13419.0,Other
721,13420.0,Risk
722,13421.0,Nurture
723,13422.0,Nurture
724,13425.0,Risk
725,13426.0,High Value
726,13427.0,Risk
727,13428.0,High Value
728,13429.0,High Value
729,13430.0,High Value
730,13431.0,Nurture
731,13434.0,Nurture
732,13435.0,High Value
733,13436.0,High Value
734,13437.0,High Value
735,13439.0,Risk
736,13441.0,Other
737,13447.0,High Value
738,13448.0,High Value
739,13449.0,High Value
740,13450.0,Nurture
741,13451.0,Nurture
742,13452.0,Risk
743,13453.0,Risk
744,13455.0,Risk
745,13456.0,Risk
746,13460.0,Other
747,13461.0,Nurture
748,13462.0,Risk
749,13464.0,Nurture
750,13466.0,Risk
751,13467.0,High Value
752,13468.0,High Value
753,13470.0,Risk
754,13471.0,High Value
755,13473.0,Risk
756,13474.0,Risk
757,13475.0,Risk
758,13476.0,Risk
759,13477.0,Nurture
760,13479.0,Risk
761,13481.0,Nurture
762,13482.0,Risk
763,13483.0,Other
764,13484.0,Risk
765,13485.0,Risk
766,13486.0,Nurture
767,13487.0,Nurture
768,13488.0,High Value
769,13489.0,Risk
770,13491.0,Risk
771,13492.0,Risk
772,13493.0,Risk
773,13494.0,Risk
774,13495.0,Nurture
775,13496.0,Risk
776,13497.0,Risk
777,13499.0,Risk
778,13500.0,High Value
779,13502.0,Risk
780,13503.0,Other
781,13504.0,Other
782,13505.0,Nurture
783,13506.0,Risk
784,13507.0,High Value
785,13508.0,Risk
786,13509.0,Risk
787,13510.0,High Value
788,13512.0,Risk
789,13513.0,Risk
790,13514.0,Other
791,13515.0,Nurture
792,13516.0,Nurture
793,13517.0,Nurture
794,13518.0,Nurture
795,13519.0,Risk
796,13520.0,Nurture
797,13521.0,High Value
798,13522.0,Other
799,13523.0,Nurture
800,13524.0,Risk
801,13525.0,Nurture
802,13527.0,Nurture
803,13529.0,Risk
804,13531.0,Risk
805,13532.0,Other
806,13533.0,Risk
807,13536.0,High Value
808,13538.0,Nurture
809,13539.0,Risk
810,13544.0,Risk
811,13546.0,High Value
812,13548.0,Risk
813,13549.0,Risk
814,13551.0,Risk
815,13552.0,Nurture
816,13555.0,Nurture
817,13557.0,Nurture
818,13558.0,High Value
819,13560.0,High Value
820,13561.0,Risk
821,13562.0,Nurture
822,13563.0,Nurture
823,13564.0,Risk
824,13565.0,Risk
825,13566.0,Nurture
826,13568.0,Risk
827,13569.0,Risk
828,13570.0,Risk
829,13571.0,High Value
830,13572.0,Risk
831,13573.0,Risk
832,13575.0,Risk
833,13576.0,Nurture
834,13577.0,Nurture
835,13579.0,Risk
836,13581.0,Risk
837,13583.0,Risk
838,13584.0,Risk
839,13587.0,Risk
840,13588.0,High Value
841,13589.0,Risk
842,13590.0,Risk
843,13591.0,Nurture
844,13592.0,Risk
845,13593.0,Risk
846,13594.0,Nurture
847,13596.0,High Value
848,13598.0,Other
849,13600.0,Risk
850,13601.0,Nurture
851,13602.0,Nurture
852,13603.0,Other
853,13606.0,Risk
854,13607.0,Nurture
855,13610.0,High Value
856,13611.0,Nurture
857,13614.0,High Value
858,13615.0,Risk
859,13617.0,Nurture
860,13618.0,Risk
861,13621.0,Risk
862,13623.0,Risk
863,13626.0,Risk
864,13627.0,Nurture
865,13629.0,Nurture
866,13630.0,Risk
867,13631.0,Risk
868,13632.0,High Value
869,13634.0,Nurture
870,13635.0,Nurture
871,13636.0,Risk
872,13637.0,Nurture
873,13638.0,High Value
874,13639.0,Nurture
875,13642.0,Risk
876,13643.0,Risk
877,13644.0,High Value
878,13645.0,Risk
879,13647.0,Nurture
880,13649.0,Risk
881,13650.0,Risk
882,13651.0,Other
883,13652.0,Nurture
884,13654.0,Nurture
885,13655.0,Risk
886,13656.0,Risk
887,13657.0,Risk
888,13658.0,High Value
889,13659.0,Risk
890,13662.0,Risk
891,13663.0,Risk
892,13666.0,Risk
893,13667.0,Risk
894,13669.0,Risk
895,13670.0,Nurture
896,13672.0,Risk
897,13673.0,High Value
898,13675.0,Risk
899,13678.0,Risk
900,13680.0,High Value
901,13681.0,Risk
902,13682.0,Risk
903,13684.0,Risk
904,13685.0,High Value
905,13686.0,Risk
906,13689.0,Nurture
907,13690.0,Other
908,13692.0,Nurture
909,13693.0,Risk
910,13695.0,Risk
911,13697.0,Other
912,13699.0,Risk
913,13700.0,Nurture
914,13704.0,High Value
915,13705.0,Risk
916,13706.0,Risk
917,13707.0,Risk
918,13708.0,Risk
919,13709.0,High Value
920,13710.0,Other
921,13711.0,Risk
922,13712.0,Risk
923,13715.0,Risk
924,13716.0,Risk
925,13717.0,Nurture
926,13718.0,Risk
927,13719.0,Risk
928,13720.0,Risk
929,13721.0,Nurture
930,13722.0,Risk
931,13723.0,Risk
932,13725.0,Other
933,13726.0,Nurture
934,13727.0,Other
935,13728.0,Risk
936,13730.0,Risk
937,13731.0,Risk
938,13732.0,Nurture
939,13735.0,High Value
940,13736.0,High Value
941,13737.0,Risk
942,13739.0,High Value
943,13740.0,Risk
944,13741.0,Risk
945,13742.0,High Value
946,13743.0,Risk
947,13744.0,Risk
948,13745.0,Risk
949,13748.0,Risk
950,13750.0,Nurture
951,13751.0,Risk
952,13752.0,Risk
953,13753.0,Risk
954,13754.0,Risk
955,13755.0,High Value
956,13756.0,Nurture
957,13758.0,Nurture
958,13759.0,Nurture
959,13760.0,Risk
960,13761.0,Nurture
961,13762.0,Risk
962,13763.0,Nurture
963,13764.0,Nurture
964,13769.0,Risk
965,13771.0,Nurture
966,13772.0,Nurture
967,13774.0,Nurture
968,13778.0,Risk
969,13780.0,Risk
970,13781.0,Risk
971,13782.0,Risk
972,13784.0,Risk
973,13786.0,Risk
974,13787.0,Risk
975,13790.0,High Value
976,13791.0,Nurture
977,13792.0,Risk
978,13799.0,Risk
979,13800.0,Risk
980,13801.0,Nurture
981,13802.0,Risk
982,13803.0,Risk
983,13804.0,Nurture
984,13805.0,Nurture
985,13806.0,Other
986,13807.0,Risk
987,13808.0,High Value
988,13809.0,Risk
989,13810.0,Nurture
990,13811.0,Risk
991,13812.0,Other
992,13813.0,Nurture
993,13814.0,Nurture
994,13815.0,High Value
995,13816.0,High Value
996,13817.0,Risk
997,13819.0,Risk
998,13821.0,Risk
999,13822.0,High Value
1000,13823.0,High Value
1001,13824.0,Nurture
1002,13826.0,Risk
1003,13827.0,Other
1004,13828.0,High Value
1005,13831.0,Nurture
1006,13832.0,High Value
1007,13833.0,Risk
1008,13835.0,Risk
1009,13837.0,Risk
1010,13838.0,High Value
1011,13842.0,Nurture
1012,13844.0,High Value
1013,13845.0,Nurture
1014,13846.0,Risk
1015,13848.0,Risk
1016,13849.0,Nurture
1017,13850.0,Nurture
1018,13851.0,Risk
1019,13853.0,High Value
1020,13854.0,Risk
1021,13856.0,Risk
1022,13858.0,Other
1023,13859.0,Risk
1024,13860.0,High Value
1025,13862.0,High Value
1026,13863.0,Risk
1027,13865.0,Risk
1028,13866.0,Other
1029,13867.0,Nurture
1030,13869.0,Risk
1031,13870.0,Risk
1032,13871.0,High Value
1033,13873.0,Risk
1034,13874.0,Risk
1035,13875.0,Nurture
1036,13876.0,Other
1037,13877.0,Other
1038,13878.0,Nurture
1039,13880.0,High Value
1040,13882.0,High Value
1041,13883.0,High Value
1042,13884.0,Risk
1043,13885.0,Risk
1044,13886.0,Other
1045,13887.0,Risk
1046,13888.0,Risk
1047,13889.0,Risk
1048,13890.0,Risk
1049,13892.0,Risk
1050,13893.0,Risk
1051,13894.0,Risk
1052,13895.0,High Value
1053,13897.0,Nurture
1054,13898.0,Risk
1055,13899.0,Risk
1056,13900.0,Risk
1057,13901.0,Nurture
1058,13904.0,Risk
1059,13908.0,Nurture
1060,13911.0,Nurture
1061,13914.0,High Value
1062,13917.0,Risk
1063,13918.0,Nurture
1064,13919.0,Other
1065,13922.0,Risk
1066,13923.0,Nurture
1067,13924.0,High Value
1068,13925.0,Other
1069,13926.0,High Value
1070,13927.0,Nurture
1071,13928.0,Risk
1072,13929.0,Risk
1073,13930.0,Risk
1074,13931.0,Nurture
1075,13932.0,Risk
1076,13933.0,Risk
1077,13934.0,Risk
1078,13936.0,Risk
1079,13937.0,Risk
1080,13938.0,Other
1081,13939.0,Risk
1082,13940.0,Risk
1083,13941.0,Nurture
1084,13946.0,Nurture
1085,13947.0,Other
1086,13948.0,Risk
1087,13949.0,High Value
1088,13950.0,Risk
1089,13951.0,Risk
1090,13953.0,Nurture
1091,13954.0,Risk
1092,13955.0,Risk
1093,13956.0,High Value
1094,13958.0,Risk
1095,13959.0,Nurture
1096,13960.0,Risk
1097,13962.0,Risk
1098,13963.0,Risk
1099,13967.0,Risk
1100,13969.0,High Value
1101,13971.0,High Value
1102,13972.0,Risk
1103,13973.0,Risk
1104,13974.0,Nurture
1105,13975.0,Nurture
1106,13976.0,Risk
1107,13978.0,High Value
1108,13979.0,Nurture
1109,13980.0,Other
1110,13982.0,Nurture
1111,13983.0,Nurture
1112,13984.0,Risk
1113,13985.0,High Value
1114,13986.0,High Value
1115,13988.0,High Value
1116,13989.0,Nurture
1117,13990.0,Risk
1118,13991.0,High Value
1119,13992.0,Other
1120,13993.0,Nurture
1121,13994.0,High Value
1122,13995.0,Risk
1123,13999.0,High Value
1124,14000.0,Risk
1125,14001.0,Nurture
1126,14002.0,Risk
1127,14004.0,Nurture
1128,14005.0,Nurture
1129,14006.0,Risk
1130,14009.0,Risk
1131,14012.0,Risk
1132,14013.0,Risk
1133,14014.0,Nurture
1134,14015.0,Nurture
1135,14019.0,Nurture
1136,14020.0,High Value
1137,14021.0,Risk
1138,14022.0,Risk
1139,14023.0,Risk
1140,14024.0,Risk
1141,14027.0,Other
1142,14029.0,Nurture
1143,14030.0,High Value
1144,14032.0,Risk
1145,14034.0,High Value
1146,14035.0,Nurture
1147,14036.0,Risk
1148,14037.0,Risk
1149,14038.0,Nurture
1150,14039.0,Other
1151,14040.0,Nurture
1152,14041.0,Risk
1153,14044.0,Other
1154,14045.0,Risk
1155,14046.0,Risk
1156,14047.0,Risk
1157,14048.0,Risk
1158,14049.0,High Value
1159,14050.0,Nurture
1160,14051.0,High Value
1161,14052.0,High Value
1162,14053.0,Risk
1163,14054.0,Other
1164,14055.0,Risk
1165,14057.0,High Value
1166,14059.0,Risk
1167,14060.0,High Value
1168,14062.0,Nurture
1169,14064.0,Risk
1170,14066.0,Risk
1171,14067.0,Nurture
1172,14068.0,Risk
1173,14071.0,High Value
1174,14073.0,High Value
1175,14075.0,Nurture
1176,14076.0,Risk
1177,14077.0,Risk
1178,14078.0,Risk
1179,14079.0,Risk
1180,14080.0,Other
1181,14081.0,Risk
1182,14082.0,Risk
1183,14083.0,High Value
1184,14085.0,High Value
1185,14087.0,High Value
1186,14089.0,Other
1187,14092.0,High Value
1188,14093.0,High Value
1189,14098.0,Other
1190,14099.0,High Value
1191,14100.0,Risk
1192,14101.0,Nurture
1193,14102.0,High Value
1194,14104.0,Risk
1195,14105.0,Nurture
1196,14107.0,Nurture
1197,14108.0,Nurture
1198,14109.0,Risk
1199,14110.0,High Value
1200,14111.0,Risk
1201,14112.0,High Value
1202,14113.0,Risk
1203,14114.0,Risk
1204,14116.0,High Value
1205,14117.0,Risk
1206,14121.0,High Value
1207,14124.0,Nurture
1208,14125.0,High Value
1209,14126.0,High Value
1210,14127.0,Risk
1211,14128.0,Nurture
1212,14129.0,Risk
1213,14130.0,Risk
1214,14132.0,High Value
1215,14133.0,Risk
1216,14135.0,Nurture
1217,14138.0,High Value
1218,14139.0,Nurture
1219,14140.0,High Value
1220,14141.0,High Value
1221,14142.0,Risk
1222,14143.0,Risk
1223,14145.0,Nurture
1224,14146.0,High Value
1225,14147.0,Risk
1226,14148.0,Risk
1227,14149.0,Risk
1228,14150.0,Nurture
1229,14152.0,Nurture
1230,14154.0,Risk
1231,14155.0,Risk
1232,14157.0,Risk
1233,14158.0,Nurture
1234,14161.0,Risk
1235,14162.0,Risk
1236,14163.0,Nurture
1237,14164.0,Nurture
1238,14165.0,Risk
1239,14167.0,Risk
1240,14171.0,Risk
1241,14173.0,Risk
1242,14174.0,Other
1243,14175.0,Nurture
1244,14176.0,Risk
1245,14177.0,Other
1246,14178.0,High Value
1247,14179.0,Nurture
1248,14180.0,High Value
1249,14184.0,Nurture
1250,14185.0,Risk
1251,14188.0,Risk
1252,14191.0,High Value
1253,14193.0,Nurture
1254,14195.0,Risk
1255,14196.0,Risk
1256,14198.0,Risk
1257,14199.0,Risk
1258,14201.0,Risk
1259,14204.0,High Value
1260,14205.0,Risk
1261,14206.0,Risk
1262,14208.0,Risk
1263,14209.0,Risk
1264,14210.0,Nurture
1265,14211.0,Other
1266,14212.0,Nurture
1267,14213.0,Risk
1268,14214.0,Risk
1269,14215.0,Risk
1270,14216.0,High Value
1271,14217.0,Risk
1272,14218.0,Other
1273,14219.0,High Value
1274,14220.0,Risk
1275,14221.0,Nurture
1276,14222.0,Risk
1277,14223.0,Risk
1278,14224.0,Risk
1279,14226.0,Nurture
1280,14227.0,Nurture
1281,14229.0,Nurture
1282,14231.0,Risk
1283,14232.0,Nurture
1284,14233.0,Nurture
1285,14234.0,High Value
1286,14235.0,Nurture
1287,14236.0,Nurture
1288,14237.0,Risk
1289,14238.0,Risk
1290,14239.0,Nurture
1291,14240.0,Nurture
1292,14241.0,Risk
1293,14242.0,Risk
1294,14243.0,Risk
1295,14245.0,Risk
1296,14246.0,Risk
1297,14247.0,Risk
1298,14248.0,Risk
1299,14250.0,High Value
1300,14251.0,High Value
1301,14256.0,Risk
1302,14257.0,Nurture
1303,14259.0,Risk
1304,14261.0,Nurture
1305,14262.0,High Value
1306,14264.0,Risk
1307,14265.0,Risk
1308,14267.0,Risk
1309,14270.0,Risk
1310,14271.0,Risk
1311,14272.0,Nurture
1312,14273.0,Risk
1313,14276.0,Nurture
1314,14280.0,Risk
1315,14282.0,Risk
1316,14284.0,Nurture
1317,14285.0,Nurture
1318,14286.0,High Value
1319,14287.0,Risk
1320,14288.0,Risk
1321,14289.0,Risk
1322,14290.0,Nurture
1323,14291.0,High Value
1324,14292.0,Nurture
1325,14293.0,Risk
1326,14295.0,Risk
1327,14297.0,Risk
1328,14300.0,High Value
1329,14301.0,Risk
1330,14304.0,Risk
1331,14305.0,Nurture
1332,14306.0,Nurture
1333,14307.0,Nurture
1334,14309.0,Risk
1335,14311.0,Risk
1336,14312.0,Nurture
1337,14314.0,Risk
1338,14315.0,Nurture
1339,14317.0,Nurture
1340,14320.0,Risk
1341,14321.0,Risk
1342,14323.0,Risk
1343,14326.0,Risk
1344,14327.0,Risk
1345,14331.0,Risk
1346,14332.0,Risk
1347,14333.0,Other
1348,14334.0,High Value
1349,14335.0,High Value
1350,14336.0,Nurture
1351,14338.0,Risk
1352,14339.0,Risk
1353,14340.0,Risk
1354,14341.0,Nurture
1355,14342.0,Risk
1356,14344.0,Risk
1357,14345.0,Other
1358,14346.0,Risk
1359,14348.0,Risk
1360,14349.0,High Value
1361,14350.0,Risk
1362,14352.0,Risk
1363,14353.0,Risk
1364,14354.0,Risk
1365,14355.0,Risk
1366,14356.0,Other
1367,14357.0,Other
1368,14359.0,High Value
1369,14360.0,Nurture
1370,14362.0,High Value
1371,14364.0,Risk
1372,14367.0,High Value
1373,14368.0,Risk
1374,14371.0,Risk
1375,14373.0,Risk
1376,14375.0,Risk
1377,14377.0,Risk
1378,14379.0,Risk
1379,14381.0,Other
1380,14382.0,Nurture
1381,14383.0,Nurture
1382,14385.0,High Value
1383,14386.0,Risk
1384,14387.0,Nurture
1385,14388.0,High Value
1386,14389.0,Risk
1387,14390.0,High Value
1388,14393.0,Risk
1389,14395.0,High Value
1390,14396.0,Nurture
1391,14397.0,High Value
1392,14400.0,Risk
1393,14401.0,High Value
1394,14403.0,Risk
1395,14404.0,Nurture
1396,14406.0,Risk
1397,14407.0,Risk
1398,14408.0,Nurture
1399,14409.0,Nurture
1400,14410.0,High Value
1401,14411.0,Risk
1402,14412.0,Nurture
1403,14413.0,Risk
1404,14414.0,Nurture
1405,14416.0,High Value
1406,14418.0,High Value
1407,14419.0,High Value
1408,14420.0,Nurture
1409,14421.0,Nurture
1410,14422.0,High Value
1411,14423.0,Risk
1412,14426.0,High Value
1413,14427.0,Nurture
1414,14428.0,High Value
1415,14431.0,Risk
1416,14432.0,High Value
1417,14434.0,Risk
1418,14436.0,Risk
1419,14437.0,Risk
1420,14438.0,Risk
1421,14440.0,Nurture
1422,14441.0,Risk
1423,14442.0,Risk
1424,14443.0,Nurture
1425,14446.0,High Value
1426,14447.0,Risk
1427,14448.0,Risk
1428,14449.0,High Value
1429,14450.0,Risk
1430,14451.0,Nurture
1431,14452.0,High Value
1432,14453.0,Risk
1433,14457.0,Risk
1434,14459.0,Risk
1435,14460.0,Risk
1436,14461.0,Risk
1437,14462.0,Other
1438,14463.0,Risk
1439,14465.0,Risk
1440,14466.0,Nurture
1441,14467.0,Risk
1442,14470.0,Risk
1443,14472.0,Risk
1444,14473.0,Risk
1445,14474.0,Other
1446,14475.0,Risk
1447,14476.0,Risk
1448,14477.0,Risk
1449,14479.0,Risk
1450,14480.0,High Value
1451,14481.0,Risk
1452,14482.0,High Value
1453,14483.0,Risk
1454,14484.0,Nurture
1455,14485.0,Other
1456,14487.0,Risk
1457,14488.0,Nurture
1458,14489.0,Risk
1459,14491.0,Risk
1460,14493.0,High Value
1461,14494.0,High Value
1462,14495.0,Risk
1463,14496.0,Risk
1464,14497.0,Risk
1465,14498.0,Nurture
1466,14499.0,Nurture
1467,14500.0,Risk
1468,14501.0,Risk
1469,14502.0,High Value
1470,14503.0,High Value
1471,14504.0,Other
1472,14505.0,High Value
1473,14506.0,High Value
1474,14507.0,Risk
1475,14508.0,High Value
1476,14511.0,High Value
1477,14512.0,Risk
1478,14513.0,Risk
1479,14514.0,Nurture
1480,14515.0,High Value
1481,14517.0,Risk
1482,14518.0,Other
1483,14520.0,Risk
1484,14522.0,Risk
1485,14523.0,Risk
1486,14524.0,Nurture
1487,14525.0,High Value
1488,14528.0,Nurture
1489,14529.0,Nurture
1490,14530.0,High Value
1491,14532.0,Risk
1492,14533.0,Risk
1493,14535.0,Nurture
1494,14536.0,Risk
1495,14537.0,Nurture
1496,14538.0,Nurture
1497,14539.0,High Value
1498,14540.0,Nurture
1499,14541.0,Nurture
1500,14542.0,Risk
1501,14543.0,Risk
1502,14544.0,Nurture
1503,14546.0,High Value
1504,14547.0,High Value
1505,14548.0,Risk
1506,14549.0,Risk
1507,14550.0,High Value
1508,14551.0,Risk
1509,14552.0,Risk
1510,14553.0,Risk
1511,14554.0,High Value
1512,14555.0,Risk
1513,14557.0,Other
1514,14560.0,Risk
1515,14561.0,Nurture
1516,14562.0,High Value
1517,14565.0,Risk
1518,14566.0,Risk
1519,14567.0,Nurture
1520,14569.0,High Value
1521,14570.0,Risk
1522,14572.0,High Value
1523,14573.0,Risk
1524,14577.0,Risk
1525,14578.0,High Value
1526,14581.0,High Value
1527,14582.0,Other
1528,14583.0,High Value
1529,14584.0,Risk
1530,14585.0,Other
1531,14586.0,Risk
1532,14587.0,High Value
1533,14589.0,Risk
1534,14591.0,High Value
1535,14592.0,Nurture
1536,14593.0,High Value
1537,14594.0,Risk
1538,14595.0,Risk
1539,14597.0,Nurture
1540,14598.0,Other
1541,14600.0,Risk
1542,14601.0,High Value
1543,14603.0,Risk
1544,14608.0,Nurture
1545,14609.0,Risk
1546,14616.0,Risk
1547,14618.0,Risk
1548,14619.0,Risk
1549,14620.0,Risk
1550,14621.0,Risk
1551,14622.0,Risk
1552,14623.0,Other
1553,14624.0,Other
1554,14625.0,Risk
1555,14626.0,High Value
1556,14627.0,Risk
1557,14628.0,Nurture
1558,14629.0,High Value
1559,14631.0,Nurture
1560,14632.0,Risk
1561,14633.0,Risk
1562,14636.0,Nurture
1563,14638.0,Nurture
1564,14639.0,Nurture
1565,14640.0,High Value
1566,14641.0,High Value
1567,14642.0,Other
1568,14643.0,Risk
1569,14644.0,Risk
1570,14645.0,Risk
1571,14647.0,Risk
1572,14649.0,High Value
1573,14651.0,Nurture
1574,14652.0,Other
1575,14653.0,High Value
1576,14655.0,Nurture
1577,14656.0,Risk
1578,14657.0,Risk
1579,14658.0,Risk
1580,14659.0,High Value
1581,14660.0,Other
1582,14661.0,Other
1583,14662.0,Nurture
1584,14664.0,High Value
1585,14665.0,Nurture
1586,14666.0,High Value
1587,14669.0,Risk
1588,14670.0,Risk
1589,14672.0,Risk
1590,14673.0,Nurture
1591,14675.0,High Value
1592,14676.0,Nurture
1593,14681.0,Risk
1594,14682.0,Risk
1595,14684.0,High Value
1596,14687.0,Risk
1597,14688.0,High Value
1598,14689.0,Risk
1599,14690.0,Other
1600,14691.0,Nurture
1601,14692.0,Risk
1602,14693.0,Risk
1603,14696.0,Risk
1604,14697.0,Risk
1605,14698.0,High Value
1606,14699.0,Risk
1607,14700.0,Nurture
1608,14701.0,High Value
1609,14702.0,High Value
1610,14703.0,High Value
1611,14704.0,High Value
1612,14708.0,Risk
1613,14709.0,High Value
1614,14710.0,High Value
1615,14711.0,High Value
1616,14712.0,Nurture
1617,14713.0,High Value
1618,14714.0,High Value
1619,14715.0,Risk
1620,14716.0,Other
1621,14719.0,High Value
1622,14720.0,Risk
1623,14722.0,Risk
1624,14723.0,High Value
1625,14725.0,High Value
1626,14727.0,Risk
1627,14729.0,Risk
1628,14730.0,High Value
1629,14731.0,Risk
1630,14732.0,High Value
1631,14735.0,High Value
1632,14737.0,Nurture
1633,14738.0,Risk
1634,14739.0,Nurture
1635,14740.0,Risk
1636,14741.0,Risk
1637,14744.0,Risk
1638,14745.0,Risk
1639,14747.0,Risk
1640,14748.0,Nurture
1641,14752.0,Nurture
1642,14753.0,Nurture
1643,14754.0,Nurture
1644,14755.0,High Value
1645,14756.0,High Value
1646,14757.0,Nurture
1647,14758.0,Risk
1648,14759.0,High Value
1649,14760.0,Risk
1650,14761.0,Risk
1651,14762.0,Risk
1652,14764.0,Other
1653,14765.0,Risk
1654,14766.0,Risk
1655,14768.0,Risk
1656,14770.0,Risk
1657,14772.0,Risk
1658,14775.0,Nurture
1659,14776.0,Other
1660,14777.0,Risk
1661,14778.0,Risk
1662,14779.0,Risk
1663,14780.0,Nurture
1664,14782.0,Risk
1665,14784.0,Risk
1666,14785.0,Risk
1667,14788.0,High Value
1668,14789.0,Other
1669,14790.0,Risk
1670,14792.0,Other
1671,14793.0,High Value
1672,14794.0,Risk
1673,14795.0,Risk
1674,14798.0,Risk
1675,14799.0,Other
1676,14800.0,Nurture
1677,14801.0,Other
1678,14803.0,Risk
1679,14804.0,High Value
1680,14805.0,Risk
1681,14806.0,Other
1682,14810.0,Nurture
1683,14813.0,Risk
1684,14815.0,Nurture
1685,14816.0,Risk
1686,14817.0,Risk
1687,14818.0,Nurture
1688,14819.0,Risk
1689,14820.0,Risk
1690,14821.0,Risk
1691,14823.0,Risk
1692,14824.0,Risk
1693,14825.0,Risk
1694,14828.0,Risk
1695,14829.0,Risk
1696,14830.0,Other
1697,14834.0,Risk
1698,14836.0,Risk
1699,14837.0,Nurture
1700,14840.0,Risk
1701,14841.0,Nurture
1702,14842.0,Nurture
1703,14844.0,Nurture
1704,14847.0,Risk
1705,14849.0,High Value
1706,14850.0,Risk
1707,14851.0,Risk
1708,14852.0,Nurture
1709,14853.0,Risk
1710,14854.0,Nurture
1711,14855.0,Risk
1712,14856.0,Nurture
1713,14857.0,Nurture
1714,14859.0,Risk
1715,14860.0,High Value
1716,14861.0,Other
1717,14862.0,Nurture
1718,14863.0,Other
1719,14865.0,Risk
1720,14867.0,Risk
1721,14868.0,High Value
1722,14869.0,High Value
1723,14870.0,Risk
1724,14871.0,Risk
1725,14873.0,Risk
1726,14875.0,Nurture
1727,14878.0,Risk
1728,14880.0,Nurture
1729,14881.0,High Value
1730,14882.0,Nurture
1731,14883.0,Risk
1732,14885.0,Risk
1733,14886.0,Risk
1734,14887.0,Nurture
1735,14888.0,Risk
1736,14889.0,Risk
1737,14890.0,Risk
1738,14891.0,Risk
1739,14893.0,High Value
1740,14894.0,Nurture
1741,14896.0,Risk
1742,14897.0,Nurture
1743,14898.0,Risk
1744,14901.0,Risk
1745,14902.0,High Value
1746,14903.0,High Value
1747,14904.0,High Value
1748,14905.0,Risk
1749,14907.0,High Value
1750,14908.0,Other
1751,14910.0,High Value
1752,14912.0,Nurture
1753,14913.0,Nurture
1754,14915.0,Risk
1755,14916.0,Nurture
1756,14918.0,Risk
1757,14920.0,Risk
1758,14921.0,Nurture
1759,14923.0,Nurture
1760,14924.0,Risk
1761,14929.0,Other
1762,14930.0,Risk
1763,14931.0,Risk
1764,14932.0,Risk
1765,14934.0,Nurture
1766,14937.0,Nurture
1767,14944.0,Nurture
1768,14946.0,High Value
1769,14947.0,Risk
1770,14948.0,Risk
1771,14950.0,High Value
1772,14951.0,Nurture
1773,14953.0,High Value
1774,14954.0,High Value
1775,14957.0,Risk
1776,14958.0,Risk
1777,14959.0,Risk
1778,14960.0,Risk
1779,14961.0,High Value
1780,14962.0,Risk
1781,14963.0,High Value
1782,14964.0,Risk
1783,14965.0,Risk
1784,14966.0,High Value
1785,14967.0,Nurture
1786,14968.0,Other
1787,14970.0,Nurture
1788,14971.0,Nurture
1789,14972.0,Risk
1790,14973.0,Risk
1791,14974.0,Other
1792,14975.0,Other
1793,14976.0,Risk
1794,14978.0,Nurture
1795,14981.0,Risk
1796,14984.0,Risk
1797,14985.0,Risk
1798,14987.0,Risk
1799,14988.0,Risk
1800,14995.0,Risk
1801,14997.0,Risk
1802,14998.0,Risk
1803,15000.0,Nurture
1804,15002.0,Risk
1805,15004.0,Risk
1806,15006.0,Nurture
1807,15007.0,Risk
1808,15009.0,High Value
1809,15010.0,Other
1810,15012.0,Nurture
1811,15014.0,Risk
1812,15016.0,Risk
1813,15017.0,Other
1814,15018.0,Risk
1815,15019.0,Risk
1816,15021.0,High Value
1817,15022.0,High Value
1818,15023.0,High Value
1819,15024.0,Risk
1820,15025.0,Nurture
1821,15026.0,Risk
1822,15027.0,Risk
1823,15028.0,Risk
1824,15030.0,Nurture
1825,15031.0,Risk
1826,15033.0,High Value
1827,15034.0,High Value
1828,15035.0,Other
1829,15036.0,Other
1830,15038.0,Risk
1831,15041.0,Risk
1832,15042.0,Risk
1833,15043.0,Nurture
1834,15045.0,Risk
1835,15046.0,High Value
1836,15047.0,Risk
1837,15048.0,Risk
1838,15049.0,Risk
1839,15050.0,High Value
1840,15051.0,High Value
1841,15052.0,Risk
1842,15053.0,Risk
1843,15054.0,High Value
1844,15057.0,Risk
1845,15058.0,High Value
1846,15059.0,Other
1847,15060.0,High Value
1848,15062.0,Nurture
1849,15063.0,Risk
1850,15065.0,Nurture
1851,15066.0,Nurture
1852,15067.0,Nurture
1853,15068.0,Nurture
1854,15069.0,Risk
1855,15071.0,Risk
1856,15073.0,Risk
1857,15074.0,Risk
1858,15075.0,Nurture
1859,15076.0,Risk
1860,15079.0,Risk
1861,15081.0,Risk
1862,15083.0,Risk
1863,15087.0,Risk
1864,15088.0,High Value
1865,15089.0,High Value
1866,15090.0,Risk
1867,15091.0,Nurture
1868,15092.0,Risk
1869,15093.0,Nurture
1870,15095.0,Risk
1871,15096.0,Other
1872,15097.0,High Value
1873,15099.0,Nurture
1874,15100.0,Risk
1875,15101.0,Risk
1876,15103.0,Nurture
1877,15104.0,Risk
1878,15105.0,High Value
1879,15106.0,Risk
1880,15107.0,Risk
1881,15108.0,Risk
1882,15109.0,Risk
1883,15110.0,Risk
1884,15111.0,Nurture
1885,15113.0,High Value
1886,15114.0,Nurture
1887,15115.0,High Value
1888,15116.0,Nurture
1889,15117.0,Risk
1890,15119.0,Risk
1891,15120.0,Risk
1892,15121.0,Nurture
1893,15122.0,Nurture
1894,15123.0,High Value
1895,15124.0,Risk
1896,15127.0,Nurture
1897,15128.0,Nurture
1898,15129.0,Nurture
1899,15130.0,Risk
1900,15132.0,Risk
1901,15133.0,Risk
1902,15134.0,Risk
1903,15135.0,Risk
1904,15136.0,High Value
1905,15139.0,Risk
1906,15140.0,Nurture
1907,15142.0,Nurture
1908,15143.0,Risk
1909,15144.0,High Value
1910,15145.0,Risk
1911,15146.0,Risk
1912,15147.0,Risk
1913,15148.0,High Value
1914,15149.0,Risk
1915,15150.0,High Value
1916,15153.0,Nurture
1917,15154.0,Other
1918,15156.0,High Value
1919,15157.0,Nurture
1920,15158.0,Nurture
1921,15160.0,Risk
1922,15163.0,Risk
1923,15164.0,Nurture
1924,15165.0,Risk
1925,15167.0,Risk
1926,15168.0,High Value
1927,15171.0,Risk
1928,15172.0,High Value
1929,15174.0,Risk
1930,15175.0,Other
1931,15178.0,Risk
1932,15179.0,Nurture
1933,15180.0,Risk
1934,15181.0,Risk
1935,15182.0,Risk
1936,15184.0,Nurture
1937,15185.0,Other
1938,15186.0,Risk
1939,15187.0,High Value
1940,15192.0,Risk
1941,15193.0,Nurture
1942,15197.0,Risk
1943,15198.0,Risk
1944,15199.0,Nurture
1945,15201.0,Other
1946,15203.0,High Value
1947,15204.0,Risk
1948,15205.0,Nurture
1949,15206.0,Risk
1950,15208.0,Risk
1951,15210.0,Risk
1952,15211.0,Nurture
1953,15212.0,Risk
1954,15213.0,Risk
1955,15214.0,High Value
1956,15215.0,Risk
1957,15216.0,Other
1958,15218.0,High Value
1959,15219.0,Risk
1960,15220.0,Nurture
1961,15221.0,Risk
1962,15222.0,Risk
1963,15223.0,Risk
1964,15224.0,Risk
1965,15225.0,Risk
1966,15226.0,Risk
1967,15227.0,Nurture
1968,15228.0,Nurture
1969,15230.0,Risk
1970,15232.0,Risk
1971,15234.0,Risk
1972,15235.0,Risk
1973,15236.0,Risk
1974,15237.0,High Value
1975,15238.0,Nurture
1976,15239.0,High Value
1977,15240.0,Nurture
1978,15241.0,Nurture
1979,15243.0,Nurture
1980,15244.0,Nurture
1981,15245.0,Risk
1982,15246.0,Risk
1983,15247.0,Risk
1984,15249.0,Nurture
1985,15251.0,High Value
1986,15252.0,Nurture
1987,15253.0,Risk
1988,15254.0,Risk
1989,15255.0,Nurture
1990,15256.0,Risk
1991,15257.0,Risk
1992,15258.0,Risk
1993,15260.0,Risk
1994,15261.0,Risk
1995,15262.0,Risk
1996,15263.0,Risk
1997,15264.0,Nurture
1998,15265.0,Risk
1999,15266.0,Risk
2000,15267.0,Nurture
2001,15269.0,High Value
2002,15270.0,Risk
2003,15271.0,High Value
2004,15272.0,Nurture
2005,15274.0,High Value
2006,15275.0,Other
2007,15276.0,Other
2008,15277.0,Other
2009,15279.0,Risk
2010,15280.0,Risk
2011,15281.0,Nurture
2012,15286.0,Other
2013,15287.0,Risk
2014,15288.0,Nurture
2015,15289.0,Nurture
2016,15290.0,High Value
2017,15292.0,Risk
2018,15296.0,Nurture
2019,15297.0,High Value
2020,15298.0,High Value
2021,15299.0,Nurture
2022,15300.0,Nurture
2023,15301.0,Nurture
2024,15303.0,Risk
2025,15304.0,Risk
2026,15306.0,Nurture
2027,15307.0,Risk
2028,15308.0,Risk
2029,15312.0,Nurture
2030,15314.0,Risk
2031,15315.0,Nurture
2032,15318.0,High Value
2033,15319.0,Risk
2034,15320.0,Other
2035,15321.0,Nurture
2036,15322.0,Nurture
2037,15325.0,Risk
2038,15326.0,Risk
2039,15327.0,Other
2040,15329.0,Nurture
2041,15330.0,Nurture
2042,15333.0,Risk
2043,15334.0,Risk
2044,15335.0,Other
2045,15339.0,Nurture
2046,15341.0,Nurture
2047,15342.0,Risk
2048,15343.0,Nurture
2049,15344.0,Risk
2050,15345.0,Nurture
2051,15346.0,Risk
2052,15347.0,Risk
2053,15348.0,Other
2054,15349.0,Risk
2055,15350.0,Risk
2056,15351.0,High Value
2057,15353.0,Risk
2058,15355.0,Other
2059,15356.0,Nurture
2060,15360.0,Nurture
2061,15361.0,Risk
2062,15363.0,Risk
2063,15364.0,Risk
2064,15365.0,High Value
2065,15366.0,Nurture
2066,15367.0,Nurture
2067,15368.0,High Value
2068,15370.0,Nurture
2069,15372.0,Risk
2070,15373.0,Risk
2071,15374.0,Risk
2072,15376.0,Nurture
2073,15379.0,Risk
2074,15380.0,Risk
2075,15381.0,Risk
2076,15382.0,High Value
2077,15384.0,Risk
2078,15385.0,Nurture
2079,15386.0,Risk
2080,15388.0,Risk
2081,15392.0,Risk
2082,15393.0,Risk
2083,15394.0,Nurture
2084,15395.0,Risk
2085,15396.0,Risk
2086,15397.0,Risk
2087,15398.0,High Value
2088,15399.0,High Value
2089,15400.0,Risk
2090,15402.0,Risk
2091,15405.0,Risk
2092,15406.0,Risk
2093,15407.0,Nurture
2094,15408.0,Risk
2095,15410.0,Nurture
2096,15411.0,Nurture
2097,15412.0,Risk
2098,15414.0,Risk
2099,15415.0,Risk
2100,15416.0,Nurture
2101,15417.0,Nurture
2102,15419.0,High Value
2103,15421.0,Nurture
2104,15422.0,Risk
2105,15423.0,Other
2106,15424.0,Risk
2107,15426.0,High Value
2108,15427.0,Nurture
2109,15428.0,High Value
2110,15429.0,Other
2111,15432.0,High Value
2112,15433.0,Risk
2113,15434.0,Risk
2114,15435.0,High Value
2115,15436.0,High Value
2116,15437.0,Risk
2117,15438.0,Risk
2118,15440.0,Risk
2119,15442.0,Risk
2120,15443.0,High Value
2121,15444.0,High Value
2122,15445.0,Risk
2123,15447.0,Risk
2124,15448.0,Risk
2125,15449.0,Nurture
2126,15450.0,Nurture
2127,15452.0,Risk
2128,15453.0,High Value
2129,15454.0,Risk
2130,15456.0,Risk
2131,15457.0,Risk
2132,15458.0,High Value
2133,15460.0,Risk
2134,15462.0,Risk
2135,15463.0,Other
2136,15464.0,Risk
2137,15466.0,Nurture
2138,15467.0,Risk
2139,15468.0,Risk
2140,15469.0,Risk
2141,15471.0,High Value
2142,15472.0,Risk
2143,15473.0,Risk
2144,15475.0,Nurture
2145,15478.0,Nurture
2146,15480.0,Risk
2147,15483.0,Risk
2148,15484.0,High Value
2149,15485.0,Nurture
2150,15489.0,Risk
2151,15491.0,Risk
2152,15492.0,Nurture
2153,15493.0,Nurture
2154,15494.0,High Value
2155,15497.0,Nurture
2156,15500.0,High Value
2157,15503.0,Risk
2158,15504.0,Other
2159,15505.0,Nurture
2160,15506.0,High Value
2161,15507.0,Risk
2162,15508.0,Risk
2163,15511.0,High Value
2164,15512.0,Risk
2165,15513.0,Nurture
2166,15514.0,High Value
2167,15516.0,Other
2168,15517.0,Risk
2169,15518.0,Other
2170,15520.0,High Value
2171,15521.0,Nurture
2172,15522.0,Nurture
2173,15523.0,Nurture
2174,15525.0,Risk
2175,15526.0,Other
2176,15527.0,High Value
2177,15528.0,Risk
2178,15529.0,High Value
2179,15530.0,High Value
2180,15531.0,High Value
2181,15532.0,High Value
2182,15533.0,High Value
2183,15535.0,Risk
2184,15537.0,Risk
2185,15539.0,High Value
2186,15540.0,High Value
2187,15541.0,Risk
2188,15543.0,Risk
2189,15544.0,High Value
2190,15545.0,Risk
2191,15547.0,High Value
2192,15549.0,Nurture
2193,15550.0,Risk
2194,15551.0,Nurture
2195,15552.0,Risk
2196,15553.0,Nurture
2197,15554.0,Risk
2198,15556.0,High Value
2199,15557.0,Nurture
2200,15561.0,Risk
2201,15563.0,Risk
2202,15565.0,Risk
2203,15567.0,High Value
2204,15568.0,High Value
2205,15569.0,Risk
2206,15570.0,High Value
2207,15571.0,High Value
2208,15572.0,High Value
2209,15573.0,Nurture
2210,15574.0,Risk
2211,15576.0,Nurture
2212,15577.0,Risk
2213,15578.0,Risk
2214,15579.0,Risk
2215,15581.0,Risk
2216,15582.0,Risk
2217,15584.0,High Value
2218,15585.0,Risk
2219,15587.0,Nurture
2220,15589.0,Risk
2221,15592.0,Nurture
2222,15593.0,Other
2223,15594.0,High Value
2224,15596.0,Risk
2225,15597.0,Other
2226,15598.0,Other
2227,15599.0,Nurture
2228,15601.0,High Value
2229,15603.0,Other
2230,15604.0,Other
2231,15605.0,Nurture
2232,15606.0,Nurture
2233,15607.0,Risk
2234,15608.0,Nurture
2235,15609.0,Risk
2236,15610.0,Other
2237,15611.0,Risk
2238,15612.0,Risk
2239,15615.0,High Value
2240,15618.0,Other
2241,15619.0,High Value
2242,15620.0,Nurture
2243,15621.0,High Value
2244,15623.0,Risk
2245,15624.0,Risk
2246,15625.0,Risk
2247,15626.0,Nurture
2248,15628.0,High Value
2249,15630.0,Nurture
2250,15632.0,High Value
2251,15634.0,High Value
2252,15636.0,Nurture
2253,15637.0,Other
2254,15638.0,Risk
2255,15639.0,Risk
2256,15641.0,Risk
2257,15643.0,Risk
2258,15644.0,Risk
2259,15645.0,High Value
2260,15646.0,Risk
2261,15648.0,Risk
2262,15649.0,Risk
2263,15651.0,Nurture
2264,15652.0,Nurture
2265,15653.0,Risk
2266,15654.0,High Value
2267,15655.0,Risk
2268,15656.0,Nurture
2269,15658.0,Risk
2270,15659.0,Other
2271,15660.0,Risk
2272,15661.0,Risk
2273,15663.0,Risk
2274,15664.0,Nurture
2275,15665.0,Risk
2276,15667.0,Other
2277,15669.0,Risk
2278,15670.0,Risk
2279,15671.0,Risk
2280,15673.0,Nurture
2281,15674.0,Nurture
2282,15675.0,Risk
2283,15676.0,High Value
2284,15677.0,Nurture
2285,15678.0,Nurture
2286,15679.0,High Value
2287,15680.0,Nurture
2288,15681.0,Risk
2289,15683.0,Risk
2290,15687.0,High Value
2291,15689.0,Risk
2292,15690.0,Risk
2293,15691.0,Risk
2294,15692.0,Other
2295,15694.0,Nurture
2296,15695.0,Risk
2297,15696.0,Nurture
2298,15699.0,High Value
2299,15700.0,Risk
2300,15701.0,High Value
2301,15703.0,Risk
2302,15704.0,Risk
2303,15705.0,Risk
2304,15706.0,Other
2305,15707.0,Nurture
2306,15708.0,Nurture
2307,15709.0,Risk
2308,15712.0,Risk
2309,15713.0,Risk
2310,15714.0,High Value
2311,15716.0,Risk
2312,15717.0,Risk
2313,15719.0,Nurture
2314,15720.0,High Value
2315,15721.0,High Value
2316,15722.0,Nurture
2317,15723.0,Risk
2318,15724.0,Risk
2319,15725.0,High Value
2320,15727.0,High Value
2321,15728.0,Other
2322,15729.0,Risk
2323,15730.0,Nurture
2324,15732.0,Risk
2325,15733.0,Risk
2326,15734.0,Risk
2327,15737.0,Risk
2328,15738.0,High Value
2329,15739.0,Nurture
2330,15740.0,Other
2331,15743.0,High Value
2332,15744.0,Other
2333,15745.0,Risk
2334,15746.0,Risk
2335,15747.0,High Value
2336,15748.0,Other
2337,15750.0,High Value
2338,15752.0,Nurture
2339,15754.0,Risk
2340,15755.0,High Value
2341,15756.0,Other
2342,15757.0,Nurture
2343,15758.0,High Value
2344,15759.0,Risk
2345,15762.0,Nurture
2346,15763.0,Nurture
2347,15764.0,Nurture
2348,15766.0,Nurture
2349,15768.0,Risk
2350,15773.0,High Value
2351,15774.0,Other
2352,15775.0,Risk
2353,15776.0,Risk
2354,15777.0,Risk
2355,15780.0,Risk
2356,15781.0,Risk
2357,15782.0,High Value
2358,15783.0,High Value
2359,15785.0,Nurture
2360,15787.0,Nurture
2361,15789.0,Risk
2362,15790.0,High Value
2363,15791.0,Nurture
2364,15793.0,Risk
2365,15795.0,Risk
2366,15796.0,High Value
2367,15797.0,Risk
2368,15799.0,Nurture
2369,15800.0,Risk
2370,15801.0,Nurture
2371,15803.0,Nurture
2372,15804.0,High Value
2373,15805.0,High Value
2374,15806.0,Nurture
2375,15807.0,Nurture
2376,15809.0,Risk
2377,15810.0,Other
2378,15811.0,Risk
2379,15812.0,Risk
2380,15813.0,Risk
2381,15814.0,High Value
2382,15815.0,Nurture
2383,15819.0,Nurture
2384,15820.0,Risk
2385,15821.0,Nurture
2386,15822.0,Nurture
2387,15823.0,Risk
2388,15825.0,Risk
2389,15826.0,Nurture
2390,15829.0,Risk
2391,15830.0,Nurture
2392,15831.0,Nurture
2393,15832.0,Risk
2394,15834.0,Nurture
2395,15835.0,Nurture
2396,15836.0,Other
2397,15837.0,Nurture
2398,15839.0,High Value
2399,15840.0,Risk
2400,15841.0,Nurture
2401,15843.0,Risk
2402,15844.0,Other
2403,15845.0,High Value
2404,15847.0,Nurture
2405,15850.0,High Value
2406,15852.0,Risk
2407,15853.0,Other
2408,15854.0,Risk
2409,15855.0,Risk
2410,15857.0,High Value
2411,15858.0,High Value
2412,15860.0,Risk
2413,15861.0,High Value
2414,15862.0,Risk
2415,15863.0,Risk
2416,15864.0,Risk
2417,15865.0,Nurture
2418,15866.0,Risk
2419,15867.0,High Value
2420,15869.0,Risk
2421,15870.0,Nurture
2422,15872.0,High Value
2423,15874.0,Nurture
2424,15877.0,High Value
2425,15880.0,Risk
2426,15881.0,Risk
2427,15882.0,Risk
2428,15883.0,High Value
2429,15885.0,Risk
2430,15886.0,Other
2431,15888.0,Other
2432,15889.0,Risk
2433,15891.0,Risk
2434,15894.0,Risk
2435,15895.0,Risk
2436,15897.0,Risk
2437,15898.0,Risk
2438,15899.0,Risk
2439,15900.0,High Value
2440,15901.0,High Value
2441,15903.0,Nurture
2442,15904.0,High Value
2443,15906.0,High Value
2444,15907.0,High Value
2445,15909.0,Risk
2446,15910.0,High Value
2447,15912.0,Risk
2448,15916.0,High Value
2449,15917.0,Risk
2450,15918.0,Risk
2451,15919.0,Risk
2452,15920.0,Risk
2453,15921.0,Risk
2454,15922.0,Risk
2455,15923.0,Risk
2456,15925.0,Risk
2457,15930.0,Nurture
2458,15932.0,Risk
2459,15933.0,High Value
2460,15935.0,Risk
2461,15937.0,Other
2462,15938.0,Risk
2463,15939.0,Nurture
2464,15942.0,Risk
2465,15944.0,Risk
2466,15945.0,Risk
2467,15947.0,Nurture
2468,15948.0,High Value
2469,15949.0,Risk
2470,15950.0,Nurture
2471,15951.0,Risk
2472,15952.0,Nurture
2473,15953.0,Risk
2474,15955.0,High Value
2475,15957.0,Nurture
2476,15958.0,Other
2477,15963.0,High Value
2478,15965.0,Risk
2479,15967.0,Risk
2480,15969.0,Risk
2481,15970.0,Risk
2482,15971.0,Nurture
2483,15973.0,Risk
2484,15974.0,Nurture
2485,15975.0,Nurture
2486,15976.0,Risk
2487,15977.0,High Value
2488,15978.0,Nurture
2489,15980.0,Nurture
2490,15981.0,Nurture
2491,15983.0,Nurture
2492,15984.0,High Value
2493,15985.0,Risk
2494,15986.0,Other
2495,15987.0,Risk
2496,15988.0,High Value
2497,15990.0,Nurture
2498,15992.0,High Value
2499,15994.0,Nurture
2500,15996.0,Other
2501,15998.0,Nurture
2502,16003.0,Nurture
2503,16005.0,High Value
2504,16006.0,Risk
2505,16007.0,Nurture
2506,16008.0,Risk
2507,16009.0,High Value
2508,16010.0,Risk
2509,16011.0,High Value
2510,16012.0,Nurture
2511,16014.0,Other
2512,16015.0,High Value
2513,16016.0,High Value
2514,16017.0,Other
2515,16018.0,Nurture
2516,16019.0,High Value
2517,16020.0,High Value
2518,16022.0,Risk
2519,16023.0,Nurture
2520,16024.0,High Value
2521,16025.0,Nurture
2522,16026.0,Other
2523,16027.0,Risk
2524,16030.0,Risk
2525,16031.0,Risk
2526,16034.0,Risk
2527,16036.0,Nurture
2528,16037.0,Risk
2529,16038.0,Risk
2530,16040.0,Nurture
2531,16042.0,Risk
2532,16043.0,Nurture
2533,16045.0,Risk
2534,16048.0,Risk
2535,16049.0,Nurture
2536,16050.0,Risk
2537,16052.0,Nurture
2538,16053.0,Nurture
2539,16054.0,Risk
2540,16055.0,Risk
2541,16056.0,Nurture
2542,16057.0,High Value
2543,16059.0,Nurture
2544,16062.0,Risk
2545,16063.0,Risk
2546,16065.0,Risk
2547,16066.0,High Value
2548,16070.0,High Value
2549,16071.0,Nurture
2550,16072.0,Risk
2551,16073.0,Risk
2552,16076.0,High Value
2553,16079.0,High Value
2554,16080.0,Risk
2555,16081.0,Nurture
2556,16083.0,Risk
2557,16084.0,Risk
2558,16085.0,High Value
2559,16086.0,Nurture
2560,16091.0,Risk
2561,16092.0,Risk
2562,16094.0,Risk
2563,16096.0,Risk
2564,16097.0,Risk
2565,16098.0,Nurture
2566,16099.0,Nurture
2567,16101.0,High Value
2568,16102.0,Nurture
2569,16103.0,Risk
2570,16104.0,Other
2571,16105.0,Risk
2572,16106.0,Other
2573,16107.0,Nurture
2574,16108.0,Nurture
2575,16109.0,Risk
2576,16110.0,Nurture
2577,16112.0,Risk
2578,16113.0,Risk
2579,16114.0,Risk
2580,16115.0,High Value
2581,16116.0,Risk
2582,16117.0,Risk
2583,16119.0,Risk
2584,16120.0,Other
2585,16121.0,Nurture
2586,16122.0,Risk
2587,16123.0,Other
2588,16124.0,Risk
2589,16125.0,Risk
2590,16127.0,Nurture
2591,16128.0,Nurture
2592,16131.0,Nurture
2593,16134.0,Risk
2594,16135.0,Risk
2595,16136.0,Nurture
2596,16139.0,Risk
2597,16140.0,Nurture
2598,16141.0,Nurture
2599,16142.0,Risk
2600,16143.0,Nurture
2601,16145.0,High Value
2602,16146.0,Risk
2603,16147.0,Risk
2604,16149.0,Risk
2605,16150.0,Nurture
2606,16152.0,Risk
2607,16153.0,Nurture
2608,16156.0,High Value
2609,16157.0,Risk
2610,16159.0,Risk
2611,16160.0,Nurture
2612,16162.0,Risk
2613,16163.0,Risk
2614,16164.0,High Value
2615,16168.0,Risk
2616,16169.0,High Value
2617,16170.0,Nurture
2618,16171.0,Other
2619,16172.0,Risk
2620,16173.0,High Value
2621,16174.0,Risk
2622,16175.0,Risk
2623,16177.0,Nurture
2624,16178.0,Risk
2625,16179.0,Other
2626,16181.0,Other
2627,16183.0,Nurture
2628,16184.0,Risk
2629,16185.0,Risk
2630,16186.0,High Value
2631,16187.0,Nurture
2632,16188.0,Nurture
2633,16189.0,Risk
2634,16190.0,Other
2635,16193.0,Risk
2636,16198.0,Nurture
2637,16200.0,High Value
2638,16201.0,High Value
2639,16202.0,Risk
2640,16203.0,Risk
2641,16204.0,High Value
2642,16205.0,Nurture
2643,16206.0,Risk
2644,16207.0,High Value
2645,16208.0,Nurture
2646,16209.0,Nurture
2647,16211.0,Nurture
2648,16212.0,Risk
2649,16213.0,Other
2650,16214.0,Risk
2651,16215.0,Other
2652,16216.0,Risk
2653,16217.0,Risk
2654,16218.0,Nurture
2655,16221.0,Nurture
2656,16222.0,Risk
2657,16224.0,Nurture
2658,16225.0,Nurture
2659,16226.0,Risk
2660,16227.0,Risk
2661,16229.0,Nurture
2662,16230.0,Risk
2663,16232.0,Nurture
2664,16233.0,Risk
2665,16235.0,Risk
2666,16236.0,Nurture
2667,16239.0,Risk
2668,16240.0,High Value
2669,16241.0,High Value
2670,16242.0,High Value
2671,16243.0,Nurture
2672,16244.0,Risk
2673,16245.0,Risk
2674,16247.0,Risk
2675,16248.0,Other
2676,16249.0,Nurture
2677,16250.0,Risk
2678,16252.0,Risk
2679,16253.0,Nurture
2680,16255.0,High Value
2681,16256.0,Risk
2682,16258.0,Nurture
2683,16260.0,Nurture
2684,16261.0,High Value
2685,16262.0,Risk
2686,16265.0,High Value
2687,16266.0,Other
2688,16268.0,Other
2689,16270.0,Risk
2690,16271.0,Risk
2691,16272.0,Risk
2692,16274.0,Risk
2693,16275.0,Risk
2694,16276.0,Risk
2695,16278.0,Risk
2696,16279.0,Nurture
2697,16281.0,Nurture
2698,16282.0,Risk
2699,16283.0,High Value
2700,16284.0,Nurture
2701,16287.0,Risk
2702,16292.0,Risk
2703,16293.0,Risk
2704,16295.0,High Value
2705,16297.0,Risk
2706,16298.0,Risk
2707,16302.0,Risk
2708,16303.0,High Value
2709,16305.0,Risk
2710,16306.0,Risk
2711,16308.0,Nurture
2712,16309.0,Nurture
2713,16311.0,High Value
2714,16313.0,Risk
2715,16315.0,Risk
2716,16316.0,Nurture
2717,16317.0,Risk
2718,16318.0,Nurture
2719,16319.0,Risk
2720,16320.0,Risk
2721,16321.0,Risk
2722,16322.0,High Value
2723,16324.0,Risk
2724,16325.0,Risk
2725,16326.0,High Value
2726,16327.0,High Value
2727,16330.0,Risk
2728,16332.0,Nurture
2729,16337.0,Other
2730,16338.0,Risk
2731,16339.0,Risk
2732,16340.0,Risk
2733,16341.0,High Value
2734,16342.0,Risk
2735,16343.0,High Value
2736,16344.0,Risk
2737,16345.0,Nurture
2738,16347.0,High Value
2739,16348.0,Nurture
2740,16349.0,Risk
2741,16350.0,Risk
2742,16351.0,Risk
2743,16352.0,High Value
2744,16353.0,Risk
2745,16354.0,Nurture
2746,16356.0,Risk
2747,16357.0,Nurture
2748,16358.0,High Value
2749,16359.0,Risk
2750,16360.0,High Value
2751,16361.0,High Value
2752,16362.0,Other
2753,16363.0,Other
2754,16364.0,Nurture
2755,16365.0,Risk
2756,16366.0,High Value
2757,16367.0,Nurture
2758,16368.0,High Value
2759,16369.0,High Value
2760,16370.0,Nurture
2761,16372.0,Other
2762,16374.0,Nurture
2763,16376.0,High Value
2764,16377.0,Risk
2765,16378.0,Risk
2766,16379.0,High Value
2767,16380.0,Nurture
2768,16383.0,Nurture
2769,16384.0,Nurture
2770,16385.0,Nurture
2771,16386.0,Risk
2772,16387.0,Risk
2773,16389.0,Nurture
2774,16392.0,Risk
2775,16393.0,High Value
2776,16394.0,Risk
2777,16395.0,Nurture
2778,16398.0,Risk
2779,16399.0,Risk
2780,16400.0,Risk
2781,16402.0,Risk
2782,16403.0,Risk
2783,16404.0,Nurture
2784,16405.0,Risk
2785,16406.0,High Value
2786,16407.0,High Value
2787,16409.0,Nurture
2788,16411.0,Risk
2789,16412.0,Other
2790,16413.0,Other
2791,16414.0,Risk
2792,16415.0,Other
2793,16416.0,Nurture
2794,16418.0,Nurture
2795,16419.0,Risk
2796,16423.0,High Value
2797,16424.0,Risk
2798,16425.0,Risk
2799,16426.0,High Value
2800,16427.0,Risk
2801,16429.0,Risk
2802,16430.0,Other
2803,16431.0,Risk
2804,16432.0,Other
2805,16433.0,Other
2806,16434.0,Nurture
2807,16438.0,High Value
2808,16440.0,High Value
2809,16441.0,Nurture
2810,16442.0,High Value
2811,16444.0,Risk
2812,16445.0,Other
2813,16446.0,Risk
2814,16447.0,Risk
2815,16448.0,Risk
2816,16449.0,Risk
2817,16450.0,Risk
2818,16451.0,Other
2819,16455.0,Nurture
2820,16456.0,Risk
2821,16457.0,Risk
2822,16458.0,High Value
2823,16460.0,Nurture
2824,16461.0,Risk
2825,16462.0,Risk
2826,16463.0,High Value
2827,16464.0,High Value
2828,16466.0,Nurture
2829,16468.0,Other
2830,16469.0,High Value
2831,16470.0,Other
2832,16471.0,Risk
2833,16473.0,Risk
2834,16474.0,High Value
2835,16475.0,Risk
2836,16477.0,Nurture
2837,16478.0,Risk
2838,16479.0,High Value
2839,16480.0,Nurture
2840,16482.0,High Value
2841,16483.0,Risk
2842,16484.0,Risk
2843,16485.0,Nurture
2844,16488.0,Risk
2845,16491.0,Nurture
2846,16493.0,Nurture
2847,16494.0,Risk
2848,16495.0,Risk
2849,16496.0,Nurture
2850,16497.0,Nurture
2851,16498.0,Risk
2852,16499.0,Risk
2853,16500.0,Risk
2854,16503.0,Risk
2855,16504.0,High Value
2856,16505.0,Nurture
2857,16506.0,Risk
2858,16509.0,Risk
2859,16510.0,Risk
2860,16511.0,High Value
2861,16513.0,High Value
2862,16515.0,Nurture
2863,16516.0,Other
2864,16517.0,Risk
2865,16518.0,Risk
2866,16519.0,Risk
2867,16520.0,Risk
2868,16525.0,High Value
2869,16526.0,Risk
2870,16527.0,Other
2871,16528.0,High Value
2872,16529.0,Risk
2873,16531.0,Risk
2874,16533.0,High Value
2875,16535.0,High Value
2876,16536.0,Risk
2877,16539.0,Nurture
2878,16542.0,Other
2879,16545.0,Risk
2880,16546.0,Risk
2881,16549.0,High Value
2882,16550.0,Risk
2883,16551.0,Risk
2884,16552.0,Risk
2885,16553.0,Risk
2886,16554.0,Risk
2887,16555.0,Risk
2888,16556.0,Nurture
2889,16557.0,Risk
2890,16558.0,High Value
2891,16560.0,Risk
2892,16561.0,High Value
2893,16563.0,Nurture
2894,16565.0,Risk
2895,16566.0,Risk
2896,16567.0,Risk
2897,16569.0,High Value
2898,16570.0,Risk
2899,16571.0,Risk
2900,16572.0,Risk
2901,16573.0,Risk
2902,16574.0,Nurture
2903,16581.0,Risk
2904,16582.0,Risk
2905,16583.0,Risk
2906,16584.0,Nurture
2907,16586.0,Risk
2908,16587.0,Risk
2909,16589.0,Risk
2910,16591.0,Other
2911,16592.0,High Value
2912,16593.0,Risk
2913,16594.0,Other
2914,16595.0,Nurture
2915,16596.0,Risk
2916,16597.0,High Value
2917,16598.0,Risk
2918,16600.0,Risk
2919,16601.0,Other
2920,16602.0,Other
2921,16603.0,Nurture
2922,16607.0,High Value
2923,16609.0,High Value
2924,16610.0,Risk
2925,16611.0,Risk
2926,16612.0,Nurture
2927,16613.0,Nurture
2928,16614.0,Risk
2929,16616.0,Risk
2930,16617.0,Risk
2931,16618.0,Nurture
2932,16619.0,Risk
2933,16620.0,Risk
2934,16621.0,Nurture
2935,16623.0,Risk
2936,16624.0,Nurture
2937,16625.0,Risk
2938,16626.0,High Value
2939,16627.0,Nurture
2940,16628.0,Nurture
2941,16629.0,Nurture
2942,16633.0,High Value
2943,16634.0,Risk
2944,16637.0,Nurture
2945,16638.0,Risk
2946,16639.0,Risk
2947,16641.0,Risk
2948,16642.0,Risk
2949,16643.0,Risk
2950,16644.0,Risk
2951,16647.0,Risk
2952,16648.0,Other
2953,16650.0,Nurture
2954,16652.0,Nurture
2955,16653.0,High Value
2956,16654.0,Risk
2957,16655.0,High Value
2958,16657.0,High Value
2959,16658.0,Risk
2960,16659.0,Risk
2961,16660.0,Risk
2962,16665.0,Risk
2963,16666.0,High Value
2964,16667.0,Nurture
2965,16668.0,Risk
2966,16669.0,High Value
2967,16670.0,High Value
2968,16671.0,Nurture
2969,16672.0,High Value
2970,16674.0,Other
2971,16676.0,Nurture
2972,16678.0,High Value
2973,16679.0,Risk
2974,16680.0,Other
2975,16681.0,Nurture
2976,16682.0,Risk
2977,16685.0,Other
2978,16686.0,Nurture
2979,16688.0,High Value
2980,16689.0,Other
2981,16690.0,Risk
2982,16692.0,Risk
2983,16693.0,Nurture
2984,16696.0,Risk
2985,16697.0,Risk
2986,16698.0,Risk
2987,16700.0,High Value
2988,16701.0,High Value
2989,16706.0,Nurture
2990,16708.0,Nurture
2991,16709.0,Nurture
2992,16710.0,High Value
2993,16711.0,Nurture
2994,16712.0,High Value
2995,16714.0,Risk
2996,16715.0,Other
2997,16716.0,Risk
2998,16717.0,High Value
2999,16718.0,Risk
3000,16719.0,High Value
3001,16720.0,Other
3002,16721.0,Risk
3003,16722.0,High Value
3004,16723.0,Nurture
3005,16725.0,Risk
3006,16726.0,Nurture
3007,16727.0,Risk
3008,16728.0,Nurture
3009,16730.0,Risk
3010,16732.0,Nurture
3011,16734.0,Nurture
3012,16735.0,Nurture
3013,16739.0,Risk
3014,16742.0,Other
3015,16743.0,Nurture
3016,16744.0,High Value
3017,16745.0,Nurture
3018,16746.0,High Value
3019,16747.0,High Value
3020,16748.0,Risk
3021,16750.0,Other
3022,16751.0,Nurture
3023,16752.0,Risk
3024,16753.0,Other
3025,16755.0,Risk
3026,16756.0,Risk
3027,16757.0,Risk
3028,16758.0,Nurture
3029,16759.0,High Value
3030,16761.0,Risk
3031,16762.0,High Value
3032,16763.0,Risk
3033,16764.0,High Value
3034,16766.0,Risk
3035,16767.0,Nurture
3036,16768.0,Risk
3037,16769.0,Risk
3038,16770.0,Other
3039,16771.0,Nurture
3040,16773.0,Other
3041,16774.0,Other
3042,16775.0,High Value
3043,16776.0,Nurture
3044,16777.0,Risk
3045,16778.0,Risk
3046,16780.0,Risk
3047,16781.0,Risk
3048,16782.0,High Value
3049,16784.0,High Value
3050,16788.0,Risk
3051,16789.0,High Value
3052,16790.0,High Value
3053,16791.0,Nurture
3054,16792.0,Risk
3055,16793.0,Other
3056,16794.0,High Value
3057,16795.0,Risk
3058,16796.0,Other
3059,16800.0,High Value
3060,16801.0,Risk
3061,16803.0,Nurture
3062,16804.0,Risk
3063,16805.0,Risk
3064,16806.0,Risk
3065,16807.0,Risk
3066,16808.0,Risk
3067,16809.0,High Value
3068,16810.0,Risk
3069,16811.0,High Value
3070,16812.0,Risk
3071,16813.0,High Value
3072,16814.0,High Value
3073,16816.0,Risk
3074,16817.0,Risk
3075,16818.0,High Value
3076,16820.0,Risk
3077,16823.0,Risk
3078,16824.0,Risk
3079,16825.0,Nurture
3080,16826.0,Nurture
3081,16828.0,Risk
3082,16829.0,Risk
3083,16830.0,Nurture
3084,16832.0,Risk
3085,16833.0,Risk
3086,16834.0,Risk
3087,16835.0,Risk
3088,16836.0,Risk
3089,16837.0,Nurture
3090,16838.0,Risk
3091,16841.0,Nurture
3092,16842.0,Nurture
3093,16843.0,Nurture
3094,16846.0,Other
3095,16847.0,Other
3096,16848.0,Other
3097,16849.0,Risk
3098,16850.0,Risk
3099,16851.0,Risk
3100,16852.0,Risk
3101,16855.0,High Value
3102,16856.0,High Value
3103,16858.0,Risk
3104,16859.0,Risk
3105,16861.0,Risk
3106,16863.0,Risk
3107,16866.0,Risk
3108,16869.0,High Value
3109,16871.0,High Value
3110,16872.0,Nurture
3111,16875.0,Nurture
3112,16877.0,High Value
3113,16878.0,Risk
3114,16880.0,Nurture
3115,16882.0,Nurture
3116,16883.0,Risk
3117,16884.0,Other
3118,16885.0,Risk
3119,16887.0,Other
3120,16889.0,Risk
3121,16891.0,High Value
3122,16892.0,Risk
3123,16893.0,Risk
3124,16895.0,Other
3125,16897.0,Risk
3126,16898.0,Other
3127,16899.0,Risk
3128,16900.0,High Value
3129,16902.0,Risk
3130,16903.0,Nurture
3131,16904.0,High Value
3132,16905.0,High Value
3133,16906.0,Other
3134,16907.0,Nurture
3135,16909.0,Nurture
3136,16910.0,High Value
3137,16912.0,Risk
3138,16913.0,Risk
3139,16914.0,Other
3140,16915.0,Risk
3141,16916.0,Risk
3142,16917.0,Risk
3143,16918.0,Other
3144,16919.0,Risk
3145,16921.0,Other
3146,16924.0,High Value
3147,16926.0,Risk
3148,16927.0,Risk
3149,16928.0,Other
3150,16929.0,High Value
3151,16930.0,Other
3152,16931.0,High Value
3153,16932.0,Other
3154,16933.0,Risk
3155,16934.0,Nurture
3156,16936.0,High Value
3157,16938.0,High Value
3158,16940.0,Nurture
3159,16942.0,High Value
3160,16943.0,Risk
3161,16945.0,High Value
3162,16947.0,Risk
3163,16948.0,Risk
3164,16949.0,Risk
3165,16950.0,Nurture
3166,16951.0,Risk
3167,16952.0,Risk
3168,16954.0,Risk
3169,16955.0,Risk
3170,16956.0,High Value
3171,16957.0,Risk
3172,16959.0,Other
3173,16960.0,Other
3174,16961.0,Risk
3175,16963.0,Risk
3176,16965.0,Risk
3177,16966.0,Risk
3178,16967.0,Risk
3179,16968.0,Risk
3180,16969.0,Nurture
3181,16971.0,Nurture
3182,16976.0,Risk
3183,16978.0,Nurture
3184,16979.0,Risk
3185,16980.0,Risk
3186,16982.0,Nurture
3187,16983.0,Risk
3188,16985.0,Nurture
3189,16986.0,Nurture
3190,16987.0,High Value
3191,16988.0,High Value
3192,16989.0,Risk
3193,16992.0,Risk
3194,16996.0,Risk
3195,16997.0,Risk
3196,16998.0,Risk
3197,16999.0,High Value
3198,17001.0,High Value
3199,17002.0,Nurture
3200,17004.0,Nurture
3201,17006.0,High Value
3202,17007.0,Risk
3203,17010.0,High Value
3204,17011.0,Other
3205,17014.0,High Value
3206,17015.0,Nurture
3207,17018.0,Nurture
3208,17019.0,High Value
3209,17022.0,Other
3210,17024.0,Risk
3211,17025.0,Risk
3212,17026.0,Risk
3213,17027.0,Other
3214,17029.0,Risk
3215,17030.0,Other
3216,17031.0,Risk
3217,17033.0,Nurture
3218,17034.0,Risk
3219,17035.0,Risk
3220,17037.0,Nurture
3221,17038.0,Other
3222,17040.0,Risk
3223,17041.0,Nurture
3224,17042.0,Risk
3225,17043.0,Nurture
3226,17044.0,Risk
3227,17045.0,Risk
3228,17046.0,Risk
3229,17047.0,Nurture
3230,17048.0,Risk
3231,17049.0,High Value
3232,17050.0,Risk
3233,17051.0,Risk
3234,17052.0,Nurture
3235,17053.0,Risk
3236,17054.0,Nurture
3237,17058.0,Nurture
3238,17059.0,Nurture
3239,17060.0,Risk
3240,17061.0,Nurture
3241,17062.0,Risk
3242,17063.0,Risk
3243,17064.0,Nurture
3244,17068.0,High Value
3245,17069.0,Nurture
3246,17070.0,Risk
3247,17071.0,High Value
3248,17073.0,High Value
3249,17075.0,Risk
3250,17076.0,Nurture
3251,17078.0,Other
3252,17079.0,Other
3253,17080.0,Risk
3254,17081.0,High Value
3255,17082.0,Nurture
3256,17083.0,Risk
3257,17084.0,Nurture
3258,17085.0,Risk
3259,17086.0,High Value
3260,17088.0,Nurture
3261,17090.0,Risk
3262,17091.0,High Value
3263,17092.0,Nurture
3264,17094.0,Risk
3265,17095.0,Risk
3266,17096.0,Risk
3267,17097.0,High Value
3268,17100.0,High Value
3269,17101.0,Nurture
3270,17105.0,Risk
3271,17109.0,Other
3272,17110.0,Risk
3273,17111.0,Other
3274,17114.0,Risk
3275,17115.0,Risk
3276,17117.0,Risk
3277,17118.0,Risk
3278,17119.0,High Value
3279,17120.0,Risk
3280,17122.0,Risk
3281,17123.0,Risk
3282,17124.0,Risk
3283,17125.0,Other
3284,17126.0,Risk
3285,17128.0,Risk
3286,17131.0,High Value
3287,17133.0,Nurture
3288,17134.0,Risk
3289,17135.0,Risk
3290,17138.0,Risk
3291,17140.0,Risk
3292,17142.0,Risk
3293,17144.0,High Value
3294,17146.0,Risk
3295,17147.0,Risk
3296,17148.0,Other
3297,17152.0,Risk
3298,17153.0,High Value
3299,17154.0,Nurture
3300,17155.0,Risk
3301,17157.0,Risk
3302,17158.0,Nurture
3303,17159.0,High Value
3304,17160.0,Nurture
3305,17162.0,Risk
3306,17163.0,Risk
3307,17164.0,Nurture
3308,17165.0,Risk
3309,17166.0,Risk
3310,17169.0,Nurture
3311,17171.0,Risk
3312,17172.0,Nurture
3313,17173.0,High Value
3314,17174.0,Risk
3315,17175.0,Nurture
3316,17176.0,Risk
3317,17179.0,Risk
3318,17180.0,Other
3319,17181.0,Risk
3320,17183.0,High Value
3321,17186.0,Risk
3322,17187.0,Risk
3323,17188.0,Risk
3324,17189.0,Risk
3325,17190.0,Risk
3326,17191.0,Nurture
3327,17193.0,Nurture
3328,17194.0,Risk
3329,17197.0,Nurture
3330,17198.0,Risk
3331,17201.0,Other
3332,17203.0,Nurture
3333,17204.0,Risk
3334,17205.0,Nurture
3335,17206.0,Other
3336,17211.0,Nurture
3337,17212.0,Risk
3338,17213.0,Nurture
3339,17214.0,Risk
3340,17217.0,Risk
3341,17218.0,High Value
3342,17219.0,Other
3343,17220.0,High Value
3344,17221.0,High Value
3345,17222.0,Nurture
3346,17223.0,Risk
3347,17226.0,Risk
3348,17227.0,Risk
3349,17228.0,High Value
3350,17229.0,Risk
3351,17231.0,High Value
3352,17232.0,High Value
3353,17233.0,Other
3354,17234.0,Risk
3355,17235.0,Risk
3356,17236.0,Risk
3357,17237.0,High Value
3358,17238.0,High Value
3359,17239.0,Risk
3360,17242.0,Risk
3361,17244.0,Nurture
3362,17245.0,Risk
3363,17247.0,High Value
3364,17248.0,Risk
3365,17250.0,Risk
3366,17251.0,Risk
3367,17252.0,Risk
3368,17253.0,High Value
3369,17254.0,High Value
3370,17255.0,Risk
3371,17256.0,Risk
3372,17259.0,Risk
3373,17262.0,Nurture
3374,17263.0,Risk
3375,17265.0,Risk
3376,17266.0,High Value
3377,17267.0,Risk
3378,17268.0,Risk
3379,17272.0,Nurture
3380,17274.0,Other
3381,17277.0,Risk
3382,17278.0,Risk
3383,17279.0,Other
3384,17282.0,Risk
3385,17284.0,Nurture
3386,17286.0,High Value
3387,17287.0,Risk
3388,17288.0,Risk
3389,17289.0,Nurture
3390,17290.0,High Value
3391,17293.0,Risk
3392,17295.0,Nurture
3393,17297.0,High Value
3394,17298.0,Risk
3395,17299.0,Risk
3396,17301.0,High Value
3397,17302.0,Risk
3398,17303.0,Risk
3399,17306.0,Nurture
3400,17309.0,Risk
3401,17311.0,Nurture
3402,17312.0,Risk
3403,17313.0,High Value
3404,17314.0,High Value
3405,17315.0,High Value
3406,17317.0,Nurture
3407,17320.0,Risk
3408,17321.0,High Value
3409,17323.0,High Value
3410,17324.0,Risk
3411,17325.0,Risk
3412,17329.0,Risk
3413,17330.0,Risk
3414,17333.0,Nurture
3415,17334.0,Risk
3416,17337.0,Risk
3417,17338.0,High Value
3418,17339.0,Risk
3419,17341.0,Risk
3420,17343.0,Risk
3421,17344.0,Other
3422,17345.0,High Value
3423,17346.0,High Value
3424,17348.0,High Value
3425,17349.0,Risk
3426,17350.0,High Value
3427,17351.0,Nurture
3428,17353.0,Risk
3429,17354.0,Nurture
3430,17356.0,Risk
3431,17357.0,High Value
3432,17358.0,Risk
3433,17359.0,High Value
3434,17360.0,High Value
3435,17361.0,Risk
3436,17362.0,Risk
3437,17364.0,High Value
3438,17365.0,High Value
3439,17367.0,Risk
3440,17368.0,Risk
3441,17370.0,Risk
3442,17371.0,Risk
3443,17372.0,Other
3444,17373.0,Risk
3445,17374.0,Risk
3446,17375.0,Risk
3447,17376.0,Risk
3448,17377.0,High Value
3449,17379.0,High Value
3450,17383.0,High Value
3451,17384.0,Risk
3452,17385.0,High Value
3453,17386.0,Nurture
3454,17387.0,High Value
3455,17388.0,Nurture
3456,17391.0,Risk
3457,17392.0,Risk
3458,17394.0,Risk
3459,17397.0,High Value
3460,17398.0,Risk
3461,17400.0,Risk
3462,17402.0,Risk
3463,17403.0,Other
3464,17405.0,High Value
3465,17406.0,Risk
3466,17408.0,Risk
3467,17409.0,Risk
3468,17410.0,Risk
3469,17411.0,Risk
3470,17412.0,Risk
3471,17414.0,Nurture
3472,17415.0,Nurture
3473,17416.0,Nurture
3474,17418.0,Nurture
3475,17419.0,High Value
3476,17420.0,Nurture
3477,17422.0,High Value
3478,17423.0,Risk
3479,17425.0,High Value
3480,17426.0,High Value
3481,17427.0,Other
3482,17429.0,Risk
3483,17430.0,Risk
3484,17431.0,Risk
3485,17432.0,High Value
3486,17433.0,Other
3487,17434.0,High Value
3488,17436.0,Risk
3489,17438.0,Risk
3490,17440.0,Risk
3491,17442.0,Nurture
3492,17446.0,Risk
3493,17447.0,Nurture
3494,17449.0,High Value
3495,17451.0,High Value
3496,17453.0,Risk
3497,17454.0,Risk
3498,17455.0,Risk
3499,17456.0,Risk
3500,17457.0,Risk
3501,17458.0,High Value
3502,17459.0,Nurture
3503,17460.0,Risk
3504,17461.0,High Value
3505,17462.0,Nurture
3506,17463.0,High Value
3507,17464.0,Risk
3508,17466.0,High Value
3509,17468.0,High Value
3510,17469.0,High Value
3511,17470.0,Nurture
3512,17472.0,Risk
3513,17475.0,Other
3514,17480.0,Other
3515,17481.0,High Value
3516,17483.0,Risk
3517,17486.0,Risk
3518,17489.0,Nurture
3519,17490.0,High Value
3520,17491.0,Nurture
3521,17492.0,Risk
3522,17495.0,High Value
3523,17496.0,Risk
3524,17498.0,Other
3525,17499.0,Risk
3526,17500.0,Nurture
3527,17501.0,Risk
3528,17502.0,High Value
3529,17503.0,High Value
3530,17504.0,Risk
3531,17505.0,Risk
3532,17506.0,Other
3533,17507.0,Risk
3534,17508.0,Risk
3535,17510.0,High Value
3536,17512.0,Nurture
3537,17513.0,Nurture
3538,17514.0,Risk
3539,17515.0,Risk
3540,17516.0,High Value
3541,17517.0,Risk
3542,17519.0,Risk
3543,17520.0,Nurture
3544,17521.0,Risk
3545,17522.0,Risk
3546,17523.0,High Value
3547,17524.0,Risk
3548,17525.0,Risk
3549,17526.0,Risk
3550,17527.0,Risk
3551,17528.0,High Value
3552,17530.0,High Value
3553,17531.0,Risk
3554,17534.0,Other
3555,17535.0,Risk
3556,17536.0,Risk
3557,17537.0,Nurture
3558,17538.0,High Value
3559,17540.0,Risk
3560,17542.0,Risk
3561,17545.0,Other
3562,17547.0,Risk
3563,17548.0,Risk
3564,17549.0,Risk
3565,17550.0,Risk
3566,17551.0,Risk
3567,17552.0,Nurture
3568,17553.0,Risk
3569,17554.0,High Value
3570,17555.0,Risk
3571,17556.0,Risk
3572,17557.0,High Value
3573,17560.0,Risk
3574,17561.0,High Value
3575,17562.0,Risk
3576,17564.0,High Value
3577,17566.0,High Value
3578,17567.0,High Value
3579,17569.0,Risk
3580,17571.0,Nurture
3581,17572.0,Risk
3582,17573.0,Risk
3583,17574.0,Risk
3584,17576.0,High Value
3585,17578.0,Risk
3586,17579.0,Risk
3587,17580.0,Risk
3588,17582.0,Risk
3589,17584.0,Nurture
3590,17585.0,Risk
3591,17588.0,Risk
3592,17589.0,Nurture
3593,17590.0,High Value
3594,17591.0,Nurture
3595,17593.0,High Value
3596,17594.0,Nurture
3597,17595.0,High Value
3598,17596.0,High Value
3599,17597.0,Risk
3600,17600.0,High Value
3601,17601.0,Risk
3602,17603.0,Nurture
3603,17604.0,Risk
3604,17608.0,Other
3605,17609.0,Nurture
3606,17612.0,Nurture
3607,17613.0,High Value
3608,17614.0,Nurture
3609,17615.0,Risk
3610,17616.0,Risk
3611,17618.0,Risk
3612,17619.0,Risk
3613,17620.0,Other
3614,17621.0,Nurture
3615,17623.0,Nurture
3616,17624.0,Nurture
3617,17625.0,High Value
3618,17628.0,Other
3619,17629.0,Risk
3620,17630.0,Risk
3621,17631.0,Risk
3622,17633.0,Nurture
3623,17634.0,Nurture
3624,17636.0,High Value
3625,17637.0,Nurture
3626,17639.0,Risk
3627,17640.0,Nurture
3628,17642.0,Risk
3629,17643.0,Risk
3630,17646.0,Risk
3631,17647.0,Other
3632,17648.0,Nurture
3633,17649.0,Risk
3634,17650.0,High Value
3635,17651.0,High Value
3636,17652.0,High Value
3637,17653.0,Nurture
3638,17654.0,Risk
3639,17655.0,Nurture
3640,17656.0,Nurture
3641,17658.0,Risk
3642,17659.0,High Value
3643,17660.0,Risk
3644,17663.0,Risk
3645,17664.0,Risk
3646,17666.0,Nurture
3647,17667.0,Nurture
3648,17668.0,Risk
3649,17669.0,Nurture
3650,17670.0,Risk
3651,17671.0,Risk
3652,17672.0,Nurture
3653,17673.0,High Value
3654,17674.0,Nurture
3655,17676.0,Risk
3656,17678.0,Risk
3657,17679.0,Nurture
3658,17680.0,High Value
3659,17682.0,Nurture
3660,17684.0,Other
3661,17685.0,Nurture
3662,17686.0,High Value
3663,17690.0,Nurture
3664,17691.0,Risk
3665,17692.0,Risk
3666,17693.0,Risk
3667,17694.0,Risk
3668,17695.0,Risk
3669,17696.0,Risk
3670,17697.0,Risk
3671,17698.0,Risk
3672,17700.0,Nurture
3673,17701.0,Risk
3674,17702.0,Nurture
3675,17703.0,Nurture
3676,17704.0,Risk
3677,17705.0,Risk
3678,17707.0,Risk
3679,17708.0,Risk
3680,17709.0,Risk
3681,17711.0,Risk
3682,17712.0,Nurture
3683,17714.0,Risk
3684,17716.0,High Value
3685,17718.0,Risk
3686,17719.0,Nurture
3687,17720.0,Nurture
3688,17722.0,Risk
3689,17723.0,Risk
3690,17724.0,Nurture
3691,17725.0,High Value
3692,17727.0,High Value
3693,17728.0,High Value
3694,17730.0,High Value
3695,17731.0,Other
3696,17732.0,Risk
3697,17733.0,Nurture
3698,17734.0,Nurture
3699,17736.0,Risk
3700,17737.0,Risk
3701,17738.0,Nurture
3702,17739.0,Nurture
3703,17742.0,Risk
3704,17744.0,Nurture
3705,17746.0,Risk
3706,17747.0,Risk
3707,17749.0,Risk
3708,17750.0,High Value
3709,17754.0,Risk
3710,17757.0,High Value
3711,17758.0,High Value
3712,17759.0,High Value
3713,17760.0,Risk
3714,17761.0,Nurture
3715,17764.0,Nurture
3716,17765.0,Risk
3717,17767.0,High Value
3718,17768.0,High Value
3719,17769.0,High Value
3720,17770.0,Risk
3721,17771.0,Risk
3722,17772.0,High Value
3723,17774.0,Risk
3724,17775.0,Risk
3725,17777.0,High Value
3726,17779.0,High Value
3727,17781.0,Risk
3728,17783.0,Risk
3729,17785.0,Other
3730,17786.0,Risk
3731,17787.0,Risk
3732,17788.0,Nurture
3733,17789.0,Risk
3734,17790.0,Other
3735,17791.0,Other
3736,17793.0,High Value
3737,17795.0,Risk
3738,17796.0,Risk
3739,17797.0,High Value
3740,17799.0,High Value
3741,17800.0,Risk
3742,17802.0,Nurture
3743,17805.0,Nurture
3744,17806.0,High Value
3745,17809.0,Nurture
3746,17812.0,Risk
3747,17813.0,High Value
3748,17816.0,Risk
3749,17817.0,Risk
3750,17819.0,Nurture
3751,17820.0,Risk
3752,17824.0,Other
3753,17827.0,High Value
3754,17828.0,High Value
3755,17829.0,Risk
3756,17830.0,Risk
3757,17831.0,Other
3758,17832.0,Other
3759,17835.0,High Value
3760,17836.0,Other
3761,17837.0,Other
3762,17838.0,Nurture
3763,17839.0,Nurture
3764,17843.0,Risk
3765,17844.0,Risk
3766,17848.0,Risk
3767,17849.0,Risk
3768,17852.0,High Value
3769,17854.0,Risk
3770,17855.0,Risk
3771,17856.0,Risk
3772,17858.0,High Value
3773,17859.0,Risk
3774,17860.0,Risk
3775,17861.0,High Value
3776,17862.0,Risk
3777,17863.0,Nurture
3778,17864.0,Risk
3779,17866.0,Risk
3780,17867.0,Risk
3781,17869.0,Risk
3782,17870.0,High Value
3783,17871.0,Risk
3784,17873.0,Nurture
3785,17874.0,Risk
3786,17877.0,Risk
3787,17878.0,Nurture
3788,17879.0,Risk
3789,17880.0,Risk
3790,17881.0,Risk
3791,17883.0,High Value
3792,17884.0,Risk
3793,17885.0,High Value
3794,17886.0,Nurture
3795,17887.0,Risk
3796,17888.0,Risk
3797,17889.0,Risk
3798,17890.0,Risk
3799,17891.0,Risk
3800,17892.0,Risk
3801,17893.0,Risk
3802,17894.0,Other
3803,17895.0,Other
3804,17896.0,High Value
3805,17897.0,Risk
3806,17898.0,Risk
3807,17899.0,Risk
3808,17900.0,Risk
3809,17901.0,Other
3810,17904.0,High Value
3811,17905.0,Nurture
3812,17906.0,Risk
3813,17908.0,Risk
3814,17911.0,High Value
3815,17912.0,Risk
3816,17913.0,Nurture
3817,17914.0,High Value
3818,17917.0,Risk
3819,17919.0,Nurture
3820,17920.0,High Value
3821,17921.0,Nurture
3822,17926.0,Risk
3823,17928.0,Risk
3824,17929.0,Risk
3825,17930.0,Nurture
3826,17931.0,Risk
3827,17932.0,Nurture
3828,17934.0,Nurture
3829,17935.0,Risk
3830,17936.0,High Value
3831,17937.0,Nurture
3832,17939.0,Risk
3833,17940.0,Nurture
3834,17941.0,Risk
3835,17942.0,High Value
3836,17946.0,Risk
3837,17947.0,Other
3838,17950.0,Risk
3839,17951.0,Nurture
3840,17954.0,High Value
3841,17955.0,Risk
3842,17957.0,Other
3843,17958.0,Risk
3844,17960.0,Risk
3845,17961.0,High Value
3846,17962.0,Risk
3847,17964.0,Nurture
3848,17965.0,Nurture
3849,17966.0,Nurture
3850,17967.0,Risk
3851,17968.0,Risk
3852,17969.0,Risk
3853,17970.0,Risk
3854,17972.0,Risk
3855,17973.0,Nurture
3856,17974.0,High Value
3857,17975.0,High Value
3858,17976.0,Risk
3859,17977.0,Other
3860,17978.0,Risk
3861,17979.0,Other
3862,17980.0,Risk
3863,17984.0,Risk
3864,17985.0,High Value
3865,17987.0,Risk
3866,17988.0,Risk
3867,17990.0,Risk
3868,17991.0,Risk
3869,17994.0,Risk
3870,17995.0,Risk
3871,17997.0,Other
3872,17999.0,Nurture
3873,18001.0,High Value
3874,18004.0,Risk
3875,18005.0,High Value
3876,18006.0,High Value
3877,18008.0,Nurture
3878,18009.0,Risk
3879,18010.0,Risk
3880,18011.0,Risk
3881,18013.0,Risk
3882,18014.0,Other
3883,18015.0,High Value
3884,18016.0,Nurture
3885,18017.0,Risk
3886,18018.0,Risk
3887,18019.0,Other
3888,18022.0,Nurture
3889,18024.0,Risk
3890,18027.0,Risk
3891,18030.0,Risk
3892,18032.0,Risk
3893,18033.0,Other
3894,18034.0,High Value
3895,18035.0,Nurture
3896,18036.0,Other
3897,18037.0,Risk
3898,18040.0,Risk
3899,18041.0,High Value
3900,18042.0,Other
3901,18043.0,Risk
3902,18044.0,Risk
3903,18045.0,Other
3904,18048.0,Risk
3905,18050.0,Risk
3906,18053.0,Other
3907,18055.0,High Value
3908,18056.0,Risk
3909,18058.0,High Value
3910,18059.0,Risk
3911,18061.0,Risk
3912,18062.0,Risk
3913,18064.0,Risk
3914,18065.0,Risk
3915,18066.0,Nurture
3916,18067.0,Nurture
3917,18069.0,Nurture
3918,18071.0,Risk
3919,18072.0,Risk
3920,18073.0,Risk
3921,18074.0,Risk
3922,18075.0,High Value
3923,18077.0,High Value
3924,18078.0,Risk
3925,18079.0,Nurture
3926,18081.0,Risk
3927,18082.0,High Value
3928,18084.0,Risk
3929,18085.0,Risk
3930,18086.0,Risk
3931,18088.0,Other
3932,18092.0,Nurture
3933,18093.0,Risk
3934,18094.0,Nurture
3935,18095.0,Risk
3936,18096.0,High Value
3937,18097.0,Nurture
3938,18099.0,Risk
3939,18101.0,Risk
3940,18104.0,Nurture
3941,18105.0,Other
3942,18106.0,Risk
3943,18108.0,Risk
3944,18110.0,High Value
3945,18112.0,Risk
3946,18114.0,Risk
3947,18116.0,Other
3948,18117.0,High Value
3949,18119.0,Risk
3950,18120.0,Risk
3951,18121.0,Risk
3952,18122.0,High Value
3953,18123.0,High Value
3954,18125.0,Nurture
3955,18126.0,Other
3956,18127.0,Risk
3957,18129.0,Risk
3958,18130.0,High Value
3959,18135.0,Risk
3960,18136.0,Nurture
3961,18138.0,Risk
3962,18142.0,Risk
3963,18143.0,Risk
3964,18144.0,Risk
3965,18145.0,High Value
3966,18146.0,Risk
3967,18147.0,Risk
3968,18149.0,Nurture
3969,18150.0,Nurture
3970,18151.0,Risk
3971,18154.0,High Value
3972,18155.0,Risk
3973,18156.0,Nurture
3974,18158.0,High Value
3975,18159.0,Risk
3976,18160.0,Nurture
3977,18161.0,Risk
3978,18164.0,Nurture
3979,18165.0,Risk
3980,18167.0,Risk
3981,18168.0,Risk
3982,18169.0,Other
3983,18170.0,Nurture
3984,18171.0,Risk
3985,18172.0,High Value
3986,18173.0,Nurture
3987,18176.0,Risk
3988,18177.0,Nurture
3989,18178.0,Risk
3990,18179.0,Risk
3991,18180.0,High Value
3992,18181.0,High Value
3993,18183.0,Risk
3994,18185.0,Risk
3995,18188.0,Nurture
3996,18189.0,Nurture
3997,18190.0,Risk
3998,18191.0,Risk
3999,18192.0,Nurture
4000,18193.0,Risk
4001,18194.0,Nurture
4002,18196.0,Risk
4003,18198.0,High Value
4004,18200.0,Risk
4005,18202.0,Risk
4006,18203.0,Risk
4007,18204.0,Nurture
4008,18205.0,Nurture
4009,18209.0,Other
4010,18210.0,High Value
4011,18211.0,Risk
4012,18212.0,Risk
4013,18213.0,Risk
4014,18215.0,Other
4015,18216.0,Nurture
4016,18217.0,Nurture
4017,18218.0,Risk
4018,18219.0,Risk
4019,18220.0,Risk
4020,18221.0,Risk
4021,18222.0,Risk
4022,18224.0,Risk
4023,18225.0,High Value
4024,18226.0,Nurture
4025,18227.0,Risk
4026,18228.0,Nurture
4027,18229.0,High Value
4028,18230.0,Risk
4029,18231.0,Risk
4030,18232.0,Risk
4031,18235.0,Nurture
4032,18236.0,Risk
4033,18237.0,High Value
4034,18239.0,Risk
4035,18240.0,Nurture
4036,18241.0,High Value
4037,18242.0,Nurture
4038,18245.0,High Value
4039,18246.0,Risk
4040,18248.0,Risk
4041,18249.0,High Value
4042,18250.0,Risk
4043,18252.0,Nurture
4044,18255.0,Other
4045,18256.0,Risk
4046,18257.0,Nurture
4047,18259.0,Nurture
4048,18260.0,Risk
4049,18261.0,Risk
4050,18262.0,Risk
4051,18263.0,Risk
4052,18265.0,Nurture
4053,18268.0,Risk
4054,18269.0,Risk
4055,18270.0,Risk
4056,18272.0,High Value
4057,18273.0,Risk
4058,18274.0,High Value
4059,18276.0,High Value
4060,18277.0,Risk
4061,18278.0,Other
4062,18280.0,Risk
4063,18281.0,Risk
4064,18282.0,Risk
4065,18283.0,High Value
4066,18287.0,Nurture
